engine_id,actual_rul,model_key,predicted_rul,error,abs_error,sq_error,nasa_score
1,112.0,naive,86.44430541992188,-25.555694580078125,25.555694580078125,653.0935254702345,6.1407846124004974
2,98.0,naive,86.44430541992188,-11.555694580078125,11.555694580078125,133.53407722804695,1.4324514672561066
3,69.0,naive,86.44430541992188,17.444305419921875,17.444305419921875,304.3037915835157,4.722641743202579
4,82.0,naive,86.44430541992188,4.444305419921875,4.444305419921875,19.751850665546954,0.5596018151662863
5,91.0,naive,86.44430541992188,-4.555694580078125,4.555694580078125,20.754353106953204,0.4196892996677286
6,93.0,naive,86.44430541992188,-6.555694580078125,6.555694580078125,42.977131427265704,0.6557998720811422
7,91.0,naive,86.44430541992188,-4.555694580078125,4.555694580078125,20.754353106953204,0.4196892996677286
8,95.0,naive,86.44430541992188,-8.555694580078125,8.555694580078125,73.1999097475782,0.9311783338971436
9,111.0,naive,86.44430541992188,-24.555694580078125,24.555694580078125,602.9821363100782,5.612088622050817
10,96.0,naive,86.44430541992188,-9.555694580078125,9.555694580078125,91.31129890773445,1.0855934211929519
11,97.0,naive,86.44430541992188,-10.555694580078125,10.555694580078125,111.4226880678907,1.2523553843655488
12,124.0,naive,86.44430541992188,-37.555694580078125,37.555694580078125,1410.4301953921095,16.97352034948154
13,95.0,naive,86.44430541992188,-8.555694580078125,8.555694580078125,73.1999097475782,0.9311783338971436
14,107.0,naive,86.44430541992188,-20.555694580078125,20.555694580078125,422.5365796694532,3.8608206194178694
15,83.0,naive,86.44430541992188,3.444305419921875,3.444305419921875,11.863239825703204,0.41118607959925835
16,84.0,naive,86.44430541992188,2.444305419921875,2.444305419921875,5.974628985859454,0.27689396863288107
17,50.0,naive,86.44430541992188,36.444305419921875,36.444305419921875,1328.187397540547,37.26097862603347
18,28.0,naive,86.44430541992188,58.444305419921875,58.444305419921875,3415.7368360171095,344.3058486015123
19,87.0,naive,86.44430541992188,-0.555694580078125,0.555694580078125,0.3087964663282037,0.043672493737905826
20,16.0,naive,86.44430541992188,70.44430541992188,70.44430541992188,4962.400166095234,1145.4557914617856
21,57.0,naive,86.44430541992188,29.444305419921875,29.444305419921875,866.9671216616407,17.999839694365463
22,111.0,naive,86.44430541992188,-24.555694580078125,24.555694580078125,602.9821363100782,5.612088622050817
23,113.0,naive,86.44430541992188,-26.555694580078125,26.555694580078125,705.2049146303907,6.711754605140235
24,20.0,naive,86.44430541992188,66.44430541992188,66.44430541992188,4414.845722735859,767.4922989104897
25,125.0,naive,86.44430541992188,-38.555694580078125,38.555694580078125,1486.5415845522657,18.41066505282824
26,119.0,naive,86.44430541992188,-32.555694580078125,32.555694580078125,1059.8732495913282,11.234798143409753
27,66.0,naive,86.44430541992188,20.444305419921875,20.444305419921875,417.96962410304695,6.724758359664092
28,97.0,naive,86.44430541992188,-10.555694580078125,10.555694580078125,111.4226880678907,1.2523553843655488
29,90.0,naive,86.44430541992188,-3.555694580078125,3.555694580078125,12.642963946796954,0.3145770352572841
30,115.0,naive,86.44430541992188,-28.555694580078125,28.555694580078125,815.4276929507032,7.994307621886641
31,8.0,naive,86.44430541992188,78.44430541992188,78.44430541992188,6153.509052813984,2550.484286605428
32,48.0,naive,86.44430541992188,38.444305419921875,38.444305419921875,1477.9646192202345,45.732064823744594
33,106.0,naive,86.44430541992188,-19.555694580078125,19.555694580078125,382.42519050929695,3.5009307038429807
34,7.0,naive,86.44430541992188,79.44430541992188,79.44430541992188,6311.397663653828,2818.826231483312
35,11.0,naive,86.44430541992188,75.44430541992188,75.44430541992188,5691.843220294453,1889.186049300396
36,19.0,naive,86.44430541992188,67.44430541992188,67.44430541992188,4548.734333575703,848.3153395209706
37,21.0,naive,86.44430541992188,65.44430541992188,65.44430541992188,4282.957111896016,694.360587526686
38,50.0,naive,86.44430541992188,36.444305419921875,36.444305419921875,1328.187397540547,37.26097862603347
39,125.0,naive,86.44430541992188,-38.555694580078125,38.555694580078125,1486.5415845522657,18.41066505282824
40,28.0,naive,86.44430541992188,58.444305419921875,58.444305419921875,3415.7368360171095,344.3058486015123
41,18.0,naive,86.44430541992188,68.44430541992188,68.44430541992188,4684.622944415547,937.6386135141212
42,10.0,naive,86.44430541992188,76.44430541992188,76.44430541992188,5843.731831134297,2087.978651439101
43,59.0,naive,86.44430541992188,27.444305419921875,27.444305419921875,753.1898999819532,14.555753061328764
44,109.0,naive,86.44430541992188,-22.555694580078125,22.555694580078125,508.7593579897657,4.669230698382532
45,114.0,naive,86.44430541992188,-27.555694580078125,27.555694580078125,759.316303790547,7.328378787202956
46,47.0,naive,86.44430541992188,39.444305419921875,39.444305419921875,1555.8532300600782,50.646918984828496
47,125.0,naive,86.44430541992188,-38.555694580078125,38.555694580078125,1486.5415845522657,18.41066505282824
48,92.0,naive,86.44430541992188,-5.555694580078125,5.555694580078125,30.865742267109454,0.5332062355680633
49,21.0,naive,86.44430541992188,65.44430541992188,65.44430541992188,4282.957111896016,694.360587526686
50,79.0,naive,86.44430541992188,7.444305419921875,7.444305419921875,55.417683185078204,1.105242246513733
51,114.0,naive,86.44430541992188,-27.555694580078125,27.555694580078125,759.316303790547,7.328378787202956
52,29.0,naive,86.44430541992188,57.444305419921875,57.444305419921875,3299.8482251772657,311.4456524813085
53,26.0,naive,86.44430541992188,60.444305419921875,60.444305419921875,3653.514057696797,420.75751589072524
54,97.0,naive,86.44430541992188,-10.555694580078125,10.555694580078125,111.4226880678907,1.2523553843655488
55,125.0,naive,86.44430541992188,-38.555694580078125,38.555694580078125,1486.5415845522657,18.41066505282824
56,15.0,naive,86.44430541992188,71.44430541992188,71.44430541992188,5104.288776935078,1266.0295995829654
57,103.0,naive,86.44430541992188,-16.555694580078125,16.555694580078125,274.0910230288282,2.5733908670494414
58,37.0,naive,86.44430541992188,49.444305419921875,49.444305419921875,2444.7393384585157,139.39088137235578
59,114.0,naive,86.44430541992188,-27.555694580078125,27.555694580078125,759.316303790547,7.328378787202956
60,100.0,naive,86.44430541992188,-13.555694580078125,13.555694580078125,183.75685554835945,1.8369959745902857
61,21.0,naive,86.44430541992188,65.44430541992188,65.44430541992188,4282.957111896016,694.360587526686
62,54.0,naive,86.44430541992188,32.444305419921875,32.444305419921875,1052.632954181172,24.647100953971368
63,72.0,naive,86.44430541992188,14.444305419921875,14.444305419921875,208.63795906398445,3.2394372737982584
64,28.0,naive,86.44430541992188,58.444305419921875,58.444305419921875,3415.7368360171095,344.3058486015123
65,125.0,naive,86.44430541992188,-38.555694580078125,38.555694580078125,1486.5415845522657,18.41066505282824
66,14.0,naive,86.44430541992188,72.44430541992188,72.44430541992188,5248.177387774922,1399.2842658001255
67,77.0,naive,86.44430541992188,9.444305419921875,9.444305419921875,89.1949048647657,1.5713486864871857
68,8.0,naive,86.44430541992188,78.44430541992188,78.44430541992188,6153.509052813984,2550.484286605428
69,121.0,naive,86.44430541992188,-34.555694580078125,34.555694580078125,1194.0960279116407,13.269585046205423
70,94.0,naive,86.44430541992188,-7.555694580078125,7.555694580078125,57.088520587421954,0.7881959731060697
71,118.0,naive,86.44430541992188,-31.555694580078125,31.555694580078125,995.761860431172,10.328946885842702
72,50.0,naive,86.44430541992188,36.444305419921875,36.444305419921875,1328.187397540547,37.26097862603347
73,125.0,naive,86.44430541992188,-38.555694580078125,38.555694580078125,1486.5415845522657,18.41066505282824
74,125.0,naive,86.44430541992188,-38.555694580078125,38.555694580078125,1486.5415845522657,18.41066505282824
75,113.0,naive,86.44430541992188,-26.555694580078125,26.555694580078125,705.2049146303907,6.711754605140235
76,10.0,naive,86.44430541992188,76.44430541992188,76.44430541992188,5843.731831134297,2087.978651439101
77,34.0,naive,86.44430541992188,52.444305419921875,52.444305419921875,2750.405170978047,188.50786772383225
78,107.0,naive,86.44430541992188,-20.555694580078125,20.555694580078125,422.5365796694532,3.8608206194178694
79,63.0,naive,86.44430541992188,23.444305419921875,23.444305419921875,549.6354566225782,9.427333108188934
80,90.0,naive,86.44430541992188,-3.555694580078125,3.555694580078125,12.642963946796954,0.3145770352572841
81,8.0,naive,86.44430541992188,78.44430541992188,78.44430541992188,6153.509052813984,2550.484286605428
82,9.0,naive,86.44430541992188,77.44430541992188,77.44430541992188,5997.620441974141,2307.678454051379
83,125.0,naive,86.44430541992188,-38.555694580078125,38.555694580078125,1486.5415845522657,18.41066505282824
84,58.0,naive,86.44430541992188,28.444305419921875,28.444305419921875,809.078510821797,16.191765892146776
85,118.0,naive,86.44430541992188,-31.555694580078125,31.555694580078125,995.761860431172,10.328946885842702
86,89.0,naive,86.44430541992188,-2.555694580078125,2.555694580078125,6.531574786640704,0.2172471695252527
87,116.0,naive,86.44430541992188,-29.555694580078125,29.555694580078125,873.5390821108595,8.71348345988201
88,115.0,naive,86.44430541992188,-28.555694580078125,28.555694580078125,815.4276929507032,7.994307621886641
89,125.0,naive,86.44430541992188,-38.555694580078125,38.555694580078125,1486.5415845522657,18.41066505282824
90,28.0,naive,86.44430541992188,58.444305419921875,58.444305419921875,3415.7368360171095,344.3058486015123
91,38.0,naive,86.44430541992188,48.444305419921875,48.444305419921875,2346.850727618672,126.03092261675502
92,20.0,naive,86.44430541992188,66.44430541992188,66.44430541992188,4414.845722735859,767.4922989104897
93,85.0,naive,86.44430541992188,1.444305419921875,1.444305419921875,2.0860181460157037,0.15538144168346557
94,55.0,naive,86.44430541992188,31.444305419921875,31.444305419921875,988.7443433413282,22.206456607299046
95,125.0,naive,86.44430541992188,-38.555694580078125,38.555694580078125,1486.5415845522657,18.41066505282824
96,125.0,naive,86.44430541992188,-38.555694580078125,38.555694580078125,1486.5415845522657,18.41066505282824
97,82.0,naive,86.44430541992188,4.444305419921875,4.444305419921875,19.751850665546954,0.5596018151662863
98,59.0,naive,86.44430541992188,27.444305419921875,27.444305419921875,753.1898999819532,14.555753061328764
99,117.0,naive,86.44430541992188,-30.555694580078125,30.555694580078125,933.6504712710157,9.490163878296414
100,20.0,naive,86.44430541992188,66.44430541992188,66.44430541992188,4414.845722735859,767.4922989104897
1,112.0,linear_regression,127.27342973083881,15.273429730838814,15.273429730838814,233.277655742871,3.605922489435085
2,98.0,linear_regression,104.74072205452363,6.74072205452363,6.74072205452363,45.437333816341265,0.9622116019444618
3,69.0,linear_regression,76.70622435356299,7.7062243535629875,7.7062243535629875,59.38589378744729,1.1611109871239838
4,82.0,linear_regression,79.94013522755553,-2.0598647724444703,2.0598647724444703,4.243042880757709,0.1716946695386241
5,91.0,linear_regression,89.58619466861012,-1.4138053313898808,1.4138053313898808,1.9988455150664508,0.11488833984517632
6,93.0,linear_regression,102.9106011305665,9.910601130566505,9.910601130566505,98.22001476918608,1.6940889979444989
7,91.0,linear_regression,106.58793430202968,15.58793430202968,15.58793430202968,242.98369580439353,3.753082857732627
8,95.0,linear_regression,82.17583144907147,-12.824168550928533,12.824168550928533,164.45929902262444,1.6817632409646137
9,111.0,linear_regression,100.16215351105377,-10.837846488946226,10.837846488946226,117.45891651796406,1.3017748497440258
10,96.0,linear_regression,97.59722919983676,1.597229199836761,1.597229199836761,2.5511411168111797,0.1731857596235311
11,97.0,linear_regression,87.37985947902602,-9.620140520973976,9.620140520973976,92.54710364328544,1.0959581702244945
12,124.0,linear_regression,97.83904956243447,-26.160950437565532,26.160950437565532,684.3953277967602,6.481107203493536
13,95.0,linear_regression,91.08553916124139,-3.9144608387586146,3.9144608387586146,15.323003658174796,0.35136118845239817
14,107.0,linear_regression,96.79190534986579,-10.208094650134214,10.208094650134214,104.20519638609876,1.1929289053524688
15,83.0,linear_regression,120.27422339834155,37.27422339834155,37.27422339834155,1389.3677299494725,40.571811933186325
16,84.0,linear_regression,113.22745094755695,29.227450947556946,29.227450947556946,854.2438888918474,17.592254974038884
17,50.0,linear_regression,68.86861611113719,18.868616111137186,18.868616111137186,356.0246739494658,5.598627092550192
18,28.0,linear_regression,72.05110537000567,44.05110537000567,44.05110537000567,1940.4998843193425,80.86819180739997
19,87.0,linear_regression,95.69874529961449,8.698745299614487,8.698745299614487,75.66816978756512,1.3866113865149279
20,16.0,linear_regression,29.789106055037024,13.789106055037024,13.789106055037024,190.13944579705873,2.9705737493497666
21,57.0,linear_regression,96.19662463066929,39.19662463066929,39.19662463066929,1536.3753824375906,49.383435637277785
22,111.0,linear_regression,112.17372142573763,1.1737214257376252,1.1737214257376252,1.3776219852355636,0.12453784023767844
23,113.0,linear_regression,128.8101074046312,15.810107404631196,15.810107404631196,249.95949614597419,3.85986539226064
24,20.0,linear_regression,31.217688526014506,11.217688526014506,11.217688526014506,125.8365358666775,2.0702802761703505
25,125.0,linear_regression,114.75026147246768,-10.249738527532315,10.249738527532315,105.05713988278032,1.1999649429064725
26,119.0,linear_regression,117.42233994005876,-1.5776600599412376,1.5776600599412376,2.489011264733789,0.1290295587153898
27,66.0,linear_regression,106.56522571009307,40.565225710093074,40.565225710093074,1645.5375369107962,56.77305965047672
28,97.0,linear_regression,90.75876745309742,-6.24123254690258,6.24123254690258,38.952983704516065,0.6162276315720063
29,90.0,linear_regression,97.02373096788394,7.023730967883935,7.023730967883935,49.3327967092118,1.0185372123544174
30,115.0,linear_regression,85.87264796713961,-29.127352032860387,29.127352032860387,848.4026364461761,8.398645103760375
31,8.0,linear_regression,14.62350628837163,6.62350628837163,6.62350628837163,43.87083555209852,0.939345662552826
32,48.0,linear_regression,78.72221712657971,30.722217126579707,30.722217126579707,943.8546251727075,20.589815797739586
33,106.0,linear_regression,87.30059940662686,-18.69940059337314,18.69940059337314,349.6675825514438,3.214013126114124
34,7.0,linear_regression,23.64316893956311,16.64316893956311,16.64316893956311,276.9950723508383,4.282063807375198
35,11.0,linear_regression,14.603425641976969,3.603425641976969,3.603425641976969,12.98467635725713,0.43382050601164646
36,19.0,linear_regression,29.588514965215616,10.588514965215616,10.588514965215616,112.11664916859506,1.8830578850667523
37,21.0,linear_regression,75.38248488102973,54.382484881029725,54.382484881029725,2957.4546618354266,229.03891450301788
38,50.0,linear_regression,54.507045633448385,4.507045633448385,4.507045633448385,20.313460341986154,0.5694175501233043
39,125.0,linear_regression,129.5626036196529,4.56260361965289,4.56260361965289,20.817351790069655,0.5781611844281667
40,28.0,linear_regression,42.14775451909962,14.147754519099621,14.147754519099621,200.15895793270374,3.1155622205723112
41,18.0,linear_regression,76.12994072421958,58.12994072421958,58.12994072421958,3379.090008601282,333.6195023509765
42,10.0,linear_regression,48.48659609720145,38.48659609720145,38.48659609720145,1481.2180791491219,45.930116382499826
43,59.0,linear_regression,72.51243529559058,13.512435295590578,13.512435295590578,182.58590761752203,2.8622253370983075
44,109.0,linear_regression,102.15182413599928,-6.848175864000723,6.848175864000723,46.89751266428205,0.6934752166447531
45,114.0,linear_regression,65.81642951288859,-48.18357048711141,48.18357048711141,2321.6564648864337,39.7081573643602
46,47.0,linear_regression,52.37634580781421,5.376345807814211,5.376345807814211,28.90509424520144,0.7119525834985718
47,125.0,linear_regression,98.01709785499462,-26.982902145005383,26.982902145005383,728.0770081669361,6.969389238515986
48,92.0,linear_regression,98.8153549957034,6.815354995703402,6.815354995703402,46.44906371745931,0.9769109487955918
49,21.0,linear_regression,38.30138690259865,17.30138690259865,17.30138690259865,299.33798875341216,4.641436266436153
50,79.0,linear_regression,101.75378494191827,22.75378494191827,22.75378494191827,517.7347291830665,8.731601670293019
51,114.0,linear_regression,93.19498744464099,-20.805012555359014,20.805012555359014,432.8485474286462,3.95494258872718
52,29.0,linear_regression,59.17533987700862,30.175339877008618,30.175339877008618,910.5511366929865,19.44082216168245
53,26.0,linear_regression,42.695112651823536,16.695112651823536,16.695112651823536,278.7267864570783,4.309572190154934
54,97.0,linear_regression,111.38544636428297,14.38544636428297,14.38544636428297,206.94106709966212,3.2145576377819003
55,125.0,linear_regression,113.13485105115971,-11.865148948840286,11.865148948840286,140.78175957816575,1.4910486472522848
56,15.0,linear_regression,37.32473933542936,22.324739335429364,22.324739335429364,498.3939863948671,8.32290181281023
57,103.0,linear_regression,86.55531124785796,-16.444688752142042,16.444688752142042,270.427788154827,2.543007907891804
58,37.0,linear_regression,65.72177379650651,28.72177379650651,28.72177379650651,824.9402900176881,16.675462523118753
59,114.0,linear_regression,126.56724035910372,12.567240359103721,12.567240359103721,157.93553024348543,2.5138912298386065
60,100.0,linear_regression,92.72779306499706,-7.2722069350029415,7.2722069350029415,52.884993705504876,0.7496233452108672
61,21.0,linear_regression,51.414937486446306,30.414937486446306,30.414937486446306,925.0684223044367,19.936493748235943
62,54.0,linear_regression,65.59425410721633,11.59425410721633,11.59425410721633,134.4267283027027,2.1881009011389434
63,72.0,linear_regression,79.65720001331984,7.657200013319837,7.657200013319837,58.632712043985315,1.1505422106225098
64,28.0,linear_regression,56.618755012395766,28.618755012395766,28.618755012395766,819.0331384595278,16.494306781705923
65,125.0,linear_regression,122.16902103253133,-2.830978967468667,2.830978967468667,8.014441914249959,0.24329810758128656
66,14.0,linear_regression,10.440671589484097,-3.559328410515903,3.559328410515903,12.668818733905663,0.3149445443146084
67,77.0,linear_regression,115.67713294506245,38.67713294506245,38.67713294506245,1495.9206128500355,46.832881213592216
68,8.0,linear_regression,15.148570463199945,7.148570463199945,7.148570463199945,51.10205966733468,1.0438944791359632
69,121.0,linear_regression,116.02891635712902,-4.97108364287098,4.97108364287098,24.71167258441941,0.46578516755983057
70,94.0,linear_regression,91.14063567264574,-2.859364327354257,2.859364327354257,8.175964356546062,0.24601580154687985
71,118.0,linear_regression,106.12987203347043,-11.870127966529566,11.870127966529566,140.89993794178733,1.49200290500313
72,50.0,linear_regression,83.97645033562047,33.97645033562047,33.97645033562047,1154.3991774088843,28.893618620712484
73,125.0,linear_regression,118.37661611320151,-6.623383886798493,6.623383886798493,43.86921411190191,0.6644438909541999
74,125.0,linear_regression,84.37239341475559,-40.62760658524441,40.62760658524441,1650.6024168453948,21.764459059272824
75,113.0,linear_regression,109.8705779196163,-3.129422080383705,3.129422080383705,9.793282557193075,0.2721708544246817
76,10.0,linear_regression,0.0,-10.0,10.0,100.0,1.1581055339484458
77,34.0,linear_regression,67.56164675211397,33.56164675211397,33.56164675211397,1126.3841327136824,27.678986451795524
78,107.0,linear_regression,132.58219783494303,25.58219783494303,25.58219783494303,654.4488460661639,11.912809245792408
79,63.0,linear_regression,101.54590444198487,38.545904441984874,38.545904441984874,1485.7867492506293,46.20927814763689
80,90.0,linear_regression,83.62363775227746,-6.37636224772254,6.37636224772254,40.65799551418124,0.6331152770203818
81,8.0,linear_regression,3.4662551269602204,-4.53374487303978,4.53374487303978,20.554842573814486,0.41729426338741993
82,9.0,linear_regression,27.85094257238581,18.85094257238581,18.85094257238581,355.3580358673878,5.586975282856001
83,125.0,linear_regression,109.48826207215038,-15.511737927849623,15.511737927849623,240.61401354228852,2.297651702422224
84,58.0,linear_regression,71.43505297136369,13.435052971363689,13.435052971363689,180.50064834334827,2.8324538775677803
85,118.0,linear_regression,96.14027535323727,-21.85972464676273,21.85972464676273,477.8475616322859,4.373703203932867
86,89.0,linear_regression,92.69190079857933,3.6919007985793257,3.6919007985793257,13.630131506550663,0.44656253994607176
87,116.0,linear_regression,126.49401969274942,10.494019692749418,10.494019692749418,110.1244493118126,1.8559426657974565
88,115.0,linear_regression,104.14935653057515,-10.850643469424853,10.850643469424853,117.7364637005722,1.3040417936253266
89,125.0,linear_regression,92.58357865964444,-32.416421340355555,32.416421340355555,1050.8243725154591,11.104422386725876
90,28.0,linear_regression,36.522950759766815,8.522950759766815,8.522950759766815,72.64068965340972,1.345022685823671
91,38.0,linear_regression,45.29126045434288,7.291260454342883,7.291260454342883,53.16247901306438,1.0732678737417545
92,20.0,linear_regression,38.51401971849636,18.514019718496357,18.514019718496357,342.7689261368719,5.368742063655519
93,85.0,linear_regression,45.13417270512876,-39.86582729487124,39.86582729487124,1589.2841859045006,20.468829653135977
94,55.0,linear_regression,62.62483951531453,7.624839515314527,7.624839515314527,58.13817763430187,1.1435941970530634
95,125.0,linear_regression,104.26074330595806,-20.73925669404194,20.73925669404194,430.1167682213635,3.9299430585755726
96,125.0,linear_regression,122.38767828496213,-2.612321715037865,2.612321715037865,6.824224742858372,0.22256098210309094
97,82.0,linear_regression,94.21115166097927,12.211151660979269,12.211151660979269,149.11222488743675,2.390967117477888
98,59.0,linear_regression,81.80646458337019,22.806464583370186,22.806464583370186,520.1348267925187,8.783002669406637
99,117.0,linear_regression,125.84466196176415,8.844661961764146,8.844661961764146,78.2280452178776,1.4216913383019585
100,20.0,linear_regression,15.484458597721215,-4.515541402278785,4.515541402278785,20.39011415569386,0.41531106185702327
1,112.0,random_forest,121.52395252219418,9.523952522194179,9.523952522194179,90.70567164500886,1.5919105094514743
2,98.0,random_forest,117.71991752062358,19.719917520623582,19.719917520623582,388.87514702019695,6.184972930788884
3,69.0,random_forest,51.77218246304675,-17.227817536953253,17.227817536953253,296.7976970865541,2.7630008353879316
4,82.0,random_forest,102.94082688412097,20.940826884120966,20.940826884120966,438.5182305907234,7.1179908266277625
5,91.0,random_forest,110.38950376691736,19.389503766917358,19.389503766917358,375.9528563273024,5.951450735340874
6,93.0,random_forest,113.60865468169376,20.608654681693764,20.608654681693764,424.7166477892983,6.852763186748659
7,91.0,random_forest,100.02928393996962,9.029283939969616,9.029283939969616,81.52796846859324,1.4668163545972064
8,95.0,random_forest,113.36833141415886,18.36833141415886,18.36833141415886,337.39559894037524,5.276629555450786
9,111.0,random_forest,117.16644019171491,6.166440191714912,6.166440191714912,38.02498463799704,0.8526999714640873
10,96.0,random_forest,111.52096067898292,15.520960678982917,15.520960678982917,240.90022039853383,3.7213561011530176
11,97.0,random_forest,75.93218705148371,-21.06781294851629,21.06781294851629,443.8527424336707,4.0561281165939
12,124.0,random_forest,82.95362895265302,-41.04637104734698,41.04637104734698,1684.8045761564845,22.50970130584873
13,95.0,random_forest,100.26832667429622,5.268326674296219,5.268326674296219,27.75526594710106,0.6935597378332794
14,107.0,random_forest,96.06706028906497,-10.932939710935031,10.932939710935031,119.52917072294017,1.3186737491739455
15,83.0,random_forest,114.87425788726645,31.874257887266452,31.874257887266452,1015.9683158639676,23.225984304755755
16,84.0,random_forest,109.116284490722,25.116284490721995,25.116284490721995,630.8277466188822,11.32498433670292
17,50.0,random_forest,58.283882858268136,8.283882858268136,8.283882858268136,68.62271520950866,1.2896255429355654
18,28.0,random_forest,61.60340125759401,33.60340125759401,33.60340125759401,1129.1885760788705,27.79898449008827
19,87.0,random_forest,116.0330935828213,29.033093582821294,29.033093582821294,842.920522988859,17.234389758093023
20,16.0,random_forest,20.15703461645567,4.157034616455672,4.157034616455672,17.280936802410753,0.5154364172126271
21,57.0,random_forest,68.57972222222223,11.57972222222223,11.57972222222223,134.08996674382735,2.1834713541913473
22,111.0,random_forest,119.85344774636424,8.853447746364239,8.853447746364239,78.38353699760202,1.423819919074269
23,113.0,random_forest,122.86523769284491,9.865237692844914,9.865237692844914,97.32291473632804,1.6818953622691266
24,20.0,random_forest,20.95,0.9499999999999993,0.9499999999999993,0.9024999999999986,0.09965885512610284
25,125.0,random_forest,117.33303686733825,-7.666963132661749,7.666963132661749,58.78232367759446,0.8035670435788389
26,119.0,random_forest,115.24932132996311,-3.7506786700368906,3.7506786700368906,14.0675904858697,0.33444268977568226
27,66.0,random_forest,107.59403242669401,41.594032426694014,41.594032426694014,1730.0635335128732,63.03329885542671
28,97.0,random_forest,100.93341646324454,3.9334164632445408,3.9334164632445408,15.471765073323192,0.4819245969440191
29,90.0,random_forest,95.72825351603686,5.728253516036858,5.728253516036858,32.812888343988625,0.7732700919293818
30,115.0,random_forest,103.63858581604805,-11.36141418395195,11.36141418395195,129.08173225930457,1.396369628217525
31,8.0,random_forest,11.191914069264069,3.191914069264069,3.191914069264069,10.188315425565907,0.37601467844168135
32,48.0,random_forest,51.164231687864685,3.1642316878646852,3.1642316878646852,10.012362174486995,0.37221080956428887
33,106.0,random_forest,114.4694032496564,8.469403249656395,8.469403249656395,71.7307914052903,1.3324992331354188
34,7.0,random_forest,4.667525627310111,-2.332474372689889,2.332474372689889,5.440436699255092,0.1965245012508563
35,11.0,random_forest,8.640176132135785,-2.3598238678642147,2.3598238678642147,5.568768687341623,0.19904440802620038
36,19.0,random_forest,20.757780677655678,1.7577806776556777,1.7577806776556777,3.0897929107396536,0.19217344757184107
37,21.0,random_forest,62.55017977746654,41.55017977746654,41.55017977746654,1726.4174395397893,62.75311067478263
38,50.0,random_forest,50.44154532109429,0.44154532109428857,0.44154532109428857,0.1949622705802584,0.04514385069388305
39,125.0,random_forest,120.80337022261021,-4.196629777389788,4.196629777389788,17.61170148847466,0.38101353491129397
40,28.0,random_forest,37.35222795619129,9.352227956191292,9.352227956191292,87.46416774456596,1.547781028962222
41,18.0,random_forest,48.24756726346018,30.247567263460184,30.247567263460184,914.9153253575482,19.58899534176833
42,10.0,random_forest,17.390795905244183,7.3907959052441825,7.3907959052441825,54.623864112974175,1.094007283103963
43,59.0,random_forest,97.06032974692116,38.060329746921155,38.060329746921155,1448.5887004443714,43.97168073611784
44,109.0,random_forest,113.11743623437013,4.117436234370132,4.117436234370132,16.953281144104093,0.5094473997809497
45,114.0,random_forest,71.81957872368056,-42.180421276319436,42.180421276319436,1779.1879390477814,24.652673353302873
46,47.0,random_forest,40.81422619047619,-6.185773809523809,6.185773809523809,38.263797622590694,0.6093473989867684
47,125.0,random_forest,105.04426925990958,-19.955730740090416,19.955730740090416,398.2311893709896,3.6415864297971536
48,92.0,random_forest,115.25191761863302,23.251917618633016,23.251917618633016,540.6516729436964,9.228641361062529
49,21.0,random_forest,24.51437891019808,3.5143789101980794,3.5143789101980794,12.35085912444504,0.421109480764033
50,79.0,random_forest,108.98779922981012,29.987799229810122,29.987799229810122,899.2681026474005,19.061045964639586
51,114.0,random_forest,112.76913365945038,-1.2308663405496247,1.2308663405496247,1.5150319482980248,0.09930924800287277
52,29.0,random_forest,35.40076923076923,6.400769230769228,6.400769230769228,40.969846745562094,0.8966267680605466
53,26.0,random_forest,38.39032608695652,12.39032608695652,12.39032608695652,153.52018054111528,2.4522721507852996
54,97.0,random_forest,122.01750662948078,25.017506629480778,25.017506629480778,625.8756379561147,11.203840080974743
55,125.0,random_forest,112.16160893245153,-12.838391067548471,12.838391067548471,164.8242852033084,1.6846988020409226
56,15.0,random_forest,12.827166273237637,-2.172833726762363,2.172833726762363,4.721206404156019,0.1819209704826008
57,103.0,random_forest,101.84578333994828,-1.1542166600517163,1.1542166600517163,1.3322160983409392,0.09284664945052357
58,37.0,random_forest,49.67878786656452,12.67878786656452,12.67878786656452,160.75166176534367,2.553307239834462
59,114.0,random_forest,122.50847917392517,8.508479173925167,8.508479173925167,72.39421785311829,1.3416315204826712
60,100.0,random_forest,114.05748102835973,14.057481028359732,14.057481028359732,197.6127728626938,3.0785767951154703
61,21.0,random_forest,45.094903338348516,24.094903338348516,24.094903338348516,580.5643668843585,10.128287987616593
62,54.0,random_forest,55.094792299032235,1.0947922990322354,1.0947922990322354,1.1985701780202875,0.11569689756195634
63,72.0,random_forest,72.63082041185204,0.6308204118520422,0.6308204118520422,0.3979343920091801,0.06511421887978619
64,28.0,random_forest,36.518011446361214,8.518011446361214,8.518011446361214,72.55651900034067,1.3438646916331725
65,125.0,random_forest,123.81583713156716,-1.1841628684328356,1.1841628684328356,1.402241698975081,0.09536698300603796
66,14.0,random_forest,17.087,3.0869999999999997,3.0869999999999997,9.529568999999999,0.36165381307894884
67,77.0,random_forest,102.72041757515234,25.72041757515234,25.72041757515234,661.5398802402053,12.092528938957248
68,8.0,random_forest,11.405665986790986,3.4056659867909858,3.4056659867909858,11.598560813585019,0.4057438575732253
69,121.0,random_forest,111.09463354805095,-9.90536645194905,9.90536645194905,98.1162845473977,1.1424526385143525
70,94.0,random_forest,110.03783365270517,16.037833652705174,16.037833652705174,257.21210827184257,3.9718070484889374
71,118.0,random_forest,101.26380375542254,-16.736196244577457,16.736196244577457,280.10026473700856,2.623352532182316
72,50.0,random_forest,81.32680082533746,31.326800825337457,31.326800825337457,981.3684499503636,21.935365919023557
73,125.0,random_forest,109.04895567857713,-15.95104432142287,15.95104432142287,254.4358149439968,2.4109928570450405
74,125.0,random_forest,113.45862662991823,-11.541373370081772,11.541373370081772,133.20329926763267,1.429773277464705
75,113.0,random_forest,111.44728748162052,-1.5527125183794794,1.5527125183794794,2.4109161647323454,0.1268649815795706
76,10.0,random_forest,9.611662831821887,-0.38833716817811315,0.38833716817811315,0.15080575618859612,0.030322736798941596
77,34.0,random_forest,43.24931964228559,9.249319642285592,9.249319642285592,85.54991384517007,1.5216966889421455
78,107.0,random_forest,124.70592554671286,17.705925546712862,17.705925546712862,313.49979946573916,4.874333193859999
79,63.0,random_forest,120.53668386914146,57.536683869141456,57.536683869141456,3310.4699906575224,314.3453498215307
80,90.0,random_forest,69.91082800553995,-20.089171994460045,20.089171994460045,403.5748314229978,3.689476344739389
81,8.0,random_forest,6.065768902878878,-1.9342310971211223,1.9342310971211223,3.7412499370703802,0.16042580085917457
82,9.0,random_forest,12.515195766398351,3.5151957663983513,3.5151957663983513,12.356601276104893,0.42122556971443004
83,125.0,random_forest,114.9253013089192,-10.074698691080798,10.074698691080798,101.49955371606514,1.1705418186304706
84,58.0,random_forest,79.4896841583457,21.489684158345696,21.489684158345696,461.806525225454,7.5760069594793364
85,118.0,random_forest,107.03444818669112,-10.965551813308878,10.965551813308878,120.24332657036162,1.3244977301051057
86,89.0,random_forest,98.3272976778542,9.327297677854204,9.327297677854204,86.99848197130443,1.541437250836191
87,116.0,random_forest,120.32398482864554,4.323984828645536,4.323984828645536,18.69684479835676,0.5409490346202577
88,115.0,random_forest,115.34752641703615,0.34752641703614984,0.34752641703614984,0.12077461053798394,0.03536357135291901
89,125.0,random_forest,111.23074585491217,-13.769254145087828,13.769254145087828,189.59235971201832,1.8839860886364233
90,28.0,random_forest,21.834852300694408,-6.165147699305592,6.165147699305592,38.009046154253035,0.6067959945945591
91,38.0,random_forest,18.7026763136289,-19.2973236863711,19.2973236863711,372.38670145657915,3.412359208535177
92,20.0,random_forest,16.577301223414267,-3.422698776585733,3.422698776585733,11.714866915241474,0.3011968844869166
93,85.0,random_forest,38.234623254193046,-46.765376745806954,46.765376745806954,2187.000462177262,35.50089105493288
94,55.0,random_forest,63.196214664260516,8.196214664260516,8.196214664260516,67.17793482263913,1.2696405397610442
95,125.0,random_forest,109.55435191759415,-15.445648082405853,15.445648082405853,238.5680446855276,2.280929530095934
96,125.0,random_forest,123.46301725597046,-1.5369827440295438,1.5369827440295438,2.3623159554445863,0.1255023190768798
97,82.0,random_forest,93.22906637806638,11.229066378066378,11.229066378066378,126.09193172302076,2.073775583721892
98,59.0,random_forest,86.44140995470364,27.441409954703644,27.441409954703644,753.0309803021082,14.551249599147889
99,117.0,random_forest,121.23932408574765,4.239324085747654,4.239324085747654,17.971868704000183,0.5279583134135601
100,20.0,random_forest,20.22,0.21999999999999886,0.21999999999999886,0.0483999999999995,0.022243784470438177
1,112.0,xgboost,120.28365325927734,8.283653259277344,8.283653259277344,68.61891131993616,1.2895729739676618
2,98.0,xgboost,116.92012786865234,18.920127868652344,18.920127868652344,357.9712385661551,5.632705476941603
3,69.0,xgboost,53.867897033691406,-15.132102966308594,15.132102966308594,228.98054018296534,2.2027439299325473
4,82.0,xgboost,96.61905670166016,14.619056701660156,14.619056701660156,213.71681884635473,3.3141730906390707
5,91.0,xgboost,117.04529571533203,26.04529571533203,26.04529571533203,678.3574288990931,12.524861326189827
6,93.0,xgboost,118.75312042236328,25.75312042236328,25.75312042236328,663.2232114887447,12.135415323429106
7,91.0,xgboost,103.9446792602539,12.944679260253906,12.944679260253906,167.56472115084762,2.649053890913816
8,95.0,xgboost,107.23184967041016,12.231849670410156,12.231849670410156,149.61814635951305,2.3979930130099367
9,111.0,xgboost,120.99958801269531,9.999588012695312,9.999588012695312,99.99176042363979,1.718169841005543
10,96.0,xgboost,95.33470916748047,-0.6652908325195312,0.6652908325195312,0.442611891834531,0.052508347738687844
11,97.0,xgboost,87.43633270263672,-9.563667297363281,9.563667297363281,91.46373217465589,1.0868728786217057
12,124.0,xgboost,85.72834014892578,-38.27165985107422,38.27165985107422,1464.7199477563263,17.991164310195373
13,95.0,xgboost,101.79524993896484,6.795249938964844,6.795249938964844,46.17542173300171,0.9729403509085943
14,107.0,xgboost,108.09773254394531,1.0977325439453125,1.0977325439453125,1.2050167380366474,0.11602498800566496
15,83.0,xgboost,112.34483337402344,29.344833374023438,29.344833374023438,861.1192457491998,17.81178128015872
16,84.0,xgboost,110.41683197021484,26.416831970214844,26.416831970214844,697.8490113425651,13.036810452219287
17,50.0,xgboost,50.252723693847656,0.25272369384765625,0.25272369384765625,0.06386926543200389,0.025594423007993194
18,28.0,xgboost,41.951934814453125,13.951934814453125,13.951934814453125,194.65648506674916,3.035755340873963
19,87.0,xgboost,117.12870788574219,30.128707885742188,30.128707885742188,907.7390388643835,19.345724439765434
20,16.0,xgboost,12.509132385253906,-3.4908676147460938,3.4908676147460938,12.186156703683082,0.3080379652802483
21,57.0,xgboost,68.32573699951172,11.325736999511719,11.325736999511719,128.2723185821087,2.1036340526175956
22,111.0,xgboost,118.57374572753906,7.5737457275390625,7.5737457275390625,57.3616243454162,1.1326696948308914
23,113.0,xgboost,123.61640167236328,10.616401672363281,10.616401672363281,112.70798446895787,1.8911090049032846
24,20.0,xgboost,20.351268768310547,0.3512687683105469,0.3512687683105469,0.12338974759040866,0.03575111328236935
25,125.0,xgboost,115.20635223388672,-9.793647766113281,9.793647766113281,95.91553656669566,1.1241198332806404
26,119.0,xgboost,115.21835327148438,-3.781646728515625,3.781646728515625,14.30085197929293,0.3376253328392389
27,66.0,xgboost,110.40779113769531,44.40779113769531,44.40779113769531,1972.0519137291703,83.84101673484986
28,97.0,xgboost,100.1395492553711,3.1395492553710938,3.1395492553710938,9.85676952690119,0.3688280359683149
29,90.0,xgboost,96.75347900390625,6.75347900390625,6.75347900390625,45.609478656202555,0.9647163826812253
30,115.0,xgboost,106.08477020263672,-8.915229797363281,8.915229797363281,79.48132233979413,0.9853334948120749
31,8.0,xgboost,10.793676376342773,2.7936763763427734,2.7936763763427734,7.8046276957356895,0.3222933793313991
32,48.0,xgboost,50.268619537353516,2.2686195373535156,2.2686195373535156,5.146634605262079,0.25465665532019344
33,106.0,xgboost,113.9129409790039,7.912940979003906,7.912940979003906,62.6146349371993,1.2062496827433042
34,7.0,xgboost,5.25524377822876,-1.7447562217712402,1.7447562217712402,3.0441742734094532,0.14363526412819771
35,11.0,xgboost,8.243721961975098,-2.7562780380249023,2.7562780380249023,7.597068622898405,0.23617432352403345
36,19.0,xgboost,23.543373107910156,4.543373107910156,4.543373107910156,20.642239197681192,0.5751292159589054
37,21.0,xgboost,57.377960205078125,36.377960205078125,36.377960205078125,1323.3559886822477,37.00797554654216
38,50.0,xgboost,45.34187698364258,-4.658123016357422,4.658123016357422,21.698110035518766,0.4309193719041131
39,125.0,xgboost,121.37249755859375,-3.62750244140625,3.62750244140625,13.158773962408304,0.3218584318368405
40,28.0,xgboost,33.5213623046875,5.5213623046875,5.5213623046875,30.48544169962406,0.7369596034251407
41,18.0,xgboost,43.434444427490234,25.434444427490234,25.434444427490234,646.910963335089,11.72342067499045
42,10.0,xgboost,19.20292091369629,9.202920913696289,9.202920913696289,84.69375334374854,1.5100234390565395
43,59.0,xgboost,87.52020263671875,28.52020263671875,28.52020263671875,813.4019584394991,16.32274302169845
44,109.0,xgboost,106.66667938232422,-2.3333206176757812,2.3333206176757812,5.444385104870889,0.19660239246753708
45,114.0,xgboost,76.32715606689453,-37.67284393310547,37.67284393310547,1419.2431700081215,17.136220509204428
46,47.0,xgboost,39.3829460144043,-7.617053985595703,7.617053985595703,58.019511419479386,0.796656126388031
47,125.0,xgboost,105.22581481933594,-19.774185180664062,19.774185180664062,391.0183995591942,3.5772169827341234
48,92.0,xgboost,112.02361297607422,20.02361297607422,20.02361297607422,400.94507661560783,6.406524475319274
49,21.0,xgboost,21.575159072875977,0.5751590728759766,0.5751590728759766,0.3308079591115529,0.05920211955346155
50,79.0,xgboost,104.2367172241211,25.236717224121094,25.236717224121094,636.8918962502503,11.474314901474939
51,114.0,xgboost,114.01610565185547,0.01610565185546875,0.01610565185546875,0.000259392021689564,0.0016118628422152614
52,29.0,xgboost,35.14816665649414,6.148166656494141,6.148166656494141,37.79995323602634,0.8493175250497922
53,26.0,xgboost,36.39683151245117,10.396831512451172,10.396831512451172,108.09410549829772,1.8283207224652518
54,97.0,xgboost,121.49542236328125,24.49542236328125,24.49542236328125,600.0257167555392,10.583043209047997
55,125.0,xgboost,115.23583221435547,-9.764167785644531,9.764167785644531,95.33897254621843,1.1193084436991856
56,15.0,xgboost,11.632636070251465,-3.367363929748535,3.367363929748535,11.339139835371498,0.2956700760807289
57,103.0,xgboost,98.95757293701172,-4.042427062988281,4.042427062988281,16.34121655958006,0.36472907341481964
58,37.0,xgboost,49.33634567260742,12.336345672607422,12.336345672607422,152.18542455405986,2.4336868499123763
59,114.0,xgboost,120.45388793945312,6.453887939453125,6.453887939453125,41.652669535018504,0.9067282095626159
60,100.0,xgboost,108.54815673828125,8.54815673828125,8.54815673828125,73.07098362222314,1.350941000679541
61,21.0,xgboost,45.04924011230469,24.049240112304688,24.049240112304688,578.3659499792848,10.077588477885186
62,54.0,xgboost,52.29767608642578,-1.7023239135742188,1.7023239135742188,2.897906706726644,0.13990849695030394
63,72.0,xgboost,64.6620864868164,-7.337913513183594,7.337913513183594,53.84497472696239,0.758488943813499
64,28.0,xgboost,40.886837005615234,12.886837005615234,12.886837005615234,166.07056800929422,2.62800786663225
65,125.0,xgboost,122.91091918945312,-2.089080810546875,2.089080810546875,4.364258632995188,0.17433088273383768
66,14.0,xgboost,16.7666072845459,2.7666072845458984,2.7666072845458984,7.65411586690243,0.31871889133446185
67,77.0,xgboost,110.58383178710938,33.583831787109375,33.583831787109375,1127.873757504858,27.74268151133404
68,8.0,xgboost,10.694771766662598,2.6947717666625977,2.6947717666625977,7.261794874401858,0.3092797497564541
69,121.0,xgboost,113.56867218017578,-7.431327819824219,7.431327819824219,55.224633165693376,0.7711704540669855
70,94.0,xgboost,112.97604370117188,18.976043701171875,18.976043701171875,360.0902345487848,5.669896683765176
71,118.0,xgboost,111.58554077148438,-6.414459228515625,6.414459228515625,41.14528719428927,0.637908201229636
72,50.0,xgboost,78.89966583251953,28.89966583251953,28.89966583251953,835.1906852312968,16.992708333703096
73,125.0,xgboost,111.20925903320312,-13.790740966796875,13.790740966796875,190.1845364132896,1.888756775885052
74,125.0,xgboost,110.21251678466797,-14.787483215332031,14.787483215332031,218.66965984372655,2.1189571803102942
75,113.0,xgboost,100.50936889648438,-12.490631103515625,12.490631103515625,156.01586536411196,1.6138331327720197
76,10.0,xgboost,7.096235275268555,-2.9037647247314453,2.9037647247314453,8.431849576594686,0.2502787385394807
77,34.0,xgboost,51.035186767578125,17.035186767578125,17.035186767578125,290.19758820626885,4.493242369675455
78,107.0,xgboost,124.62018585205078,17.62018585205078,17.62018585205078,310.4709494608105,4.824182144433683
79,63.0,xgboost,119.06267547607422,56.06267547607422,56.06267547607422,3143.0235815356136,271.1266403887879
80,90.0,xgboost,87.24834442138672,-2.7516555786132812,2.7516555786132812,7.571608423313592,0.2357348504584349
81,8.0,xgboost,8.180830955505371,0.1808309555053711,0.1808309555053711,0.0326998344689855,0.018247584718092513
82,9.0,xgboost,12.499078750610352,3.4990787506103516,3.4990787506103516,12.243552102972899,0.4189368231035875
83,125.0,xgboost,114.97892761230469,-10.021072387695312,10.021072387695312,100.42189179942943,1.1616065581024793
84,58.0,xgboost,69.60301208496094,11.603012084960938,11.603012084960938,134.62988944374956,2.1908942558412865
85,118.0,xgboost,108.76654815673828,-9.233451843261719,9.233451843261719,85.25663294183323,1.03453140874183
86,89.0,xgboost,97.710205078125,8.710205078125,8.710205078125,75.86767250299454,1.3893479580286252
87,116.0,xgboost,115.98939514160156,-0.0106048583984375,0.0106048583984375,0.00011246302165091038,0.0008160911596690745
88,115.0,xgboost,114.90425109863281,-0.0957489013671875,0.0957489013671875,0.0091678521130234,0.00739249064248404
89,125.0,xgboost,109.42495727539062,-15.575042724609375,15.575042724609375,242.58195587340742,2.313749108482864
90,28.0,xgboost,23.237512588500977,-4.762487411499023,4.762487411499023,22.68128634468667,0.44245307061237416
91,38.0,xgboost,19.23955726623535,-18.76044273376465,18.76044273376465,351.9542115668628,3.23384676079686
92,20.0,xgboost,17.78611946105957,-2.2138805389404297,2.2138805389404297,4.901267040699167,0.18565872118194693
93,85.0,xgboost,35.991451263427734,-49.008548736572266,49.008548736572266,2401.837849264979,42.37522234449328
94,55.0,xgboost,59.1854133605957,4.185413360595703,4.185413360595703,17.517684999053017,0.5197431435309343
95,125.0,xgboost,100.32142639160156,-24.678573608398438,24.678573608398438,609.0319953451399,5.6748839344025335
96,125.0,xgboost,123.48278045654297,-1.5172195434570312,1.5172195434570312,2.3019551430479623,0.12379257839826341
97,82.0,xgboost,85.62089538574219,3.6208953857421875,3.6208953857421875,13.110883394489065,0.436327542923197
98,59.0,xgboost,85.39817810058594,26.398178100585938,26.398178100585938,696.863807030255,13.010650775546642
99,117.0,xgboost,123.57553100585938,6.575531005859375,6.575531005859375,43.237608009018004,0.9300638795585732
100,20.0,xgboost,19.95174217224121,-0.04825782775878906,0.04825782775878906,0.002328817939996952,0.0037190391241952447
1,112.0,gru,104.45724487304688,-7.542755126953125,7.542755126953125,56.89315490517765,0.7864169910648673
2,98.0,gru,115.79351043701172,17.79351043701172,17.79351043701172,316.60901367204497,4.926009449309639
3,69.0,gru,40.393760681152344,-28.606239318847656,28.606239318847656,818.3169279671856,8.029346072657127
4,82.0,gru,82.95369720458984,0.9536972045898438,0.9536972045898438,0.9095383580424823,0.10006549666996345
5,91.0,gru,91.846435546875,0.846435546875,0.846435546875,0.7164531350135803,0.08832906775764515
6,93.0,gru,108.94510650634766,15.945106506347656,15.945106506347656,254.24642149877036,3.925917987395521
7,91.0,gru,108.26797485351562,17.267974853515625,17.267974853515625,298.18295554164797,4.622618526361829
8,95.0,gru,82.54692840576172,-12.453071594238281,12.453071594238281,155.07899213122437,1.6062921632298166
9,111.0,gru,114.19236755371094,3.1923675537109375,3.1923675537109375,10.191210597986355,0.3760770799821105
10,96.0,gru,84.35018920898438,-11.649810791015625,11.649810791015625,135.7180914664641,1.4501256075166165
11,97.0,gru,57.52025604248047,-39.47974395751953,39.47974395751953,1558.6501829513,19.840607796261274
12,124.0,gru,101.58541870117188,-22.414581298828125,22.414581298828125,502.4134548017755,4.6080247409580615
13,95.0,gru,85.4244384765625,-9.5755615234375,9.5755615234375,91.6913784891367,1.0887831168122117
14,107.0,gru,98.94969940185547,-8.050300598144531,8.050300598144531,64.8073397204862,0.857541598352046
15,83.0,gru,117.0948257446289,34.094825744628906,34.094825744628906,1162.45714255661,29.249588299879345
16,84.0,gru,111.4259033203125,27.4259033203125,27.4259033203125,752.1801729351282,14.527153532235301
17,50.0,gru,50.6440315246582,0.6440315246582031,0.6440315246582031,0.4147766047535697,0.06652228318951936
18,28.0,gru,33.71662521362305,5.716625213623047,5.716625213623047,32.679803833030746,0.7712092782607922
19,87.0,gru,83.99795532226562,-3.002044677734375,3.002044677734375,9.012272247113287,0.2597666604214579
20,16.0,gru,16.41861343383789,0.4186134338378906,0.4186134338378906,0.17523720698955003,0.04274988455597706
21,57.0,gru,74.3499526977539,17.349952697753906,17.349952697753906,301.02085861429805,4.668900988566594
22,111.0,gru,116.64871215820312,5.648712158203125,5.648712158203125,31.907949046231806,0.7592212082723298
23,113.0,gru,118.42356872558594,5.4235687255859375,5.4235687255859375,29.41509772115387,0.7200560414941188
24,20.0,gru,19.93225860595703,-0.06774139404296875,0.06774139404296875,0.004588896466884762,0.005224476694386748
25,125.0,gru,104.22006225585938,-20.779937744140625,20.779937744140625,431.80581265036017,3.945394549966185
26,119.0,gru,116.39788818359375,-2.60211181640625,2.60211181640625,6.770985905081034,0.22160118799873474
27,66.0,gru,79.03190612792969,13.031906127929688,13.031906127929688,169.83057732717134,2.68102266912579
28,97.0,gru,120.21116638183594,23.211166381835938,23.211166381835938,538.7582448052708,9.18704319883589
29,90.0,gru,77.80935668945312,-12.190643310546875,12.190643310546875,148.61178432498127,1.5542069730750447
30,115.0,gru,112.2177734375,-2.7822265625,2.7822265625,7.740784645080566,0.23864424155426733
31,8.0,gru,10.94473648071289,2.9447364807128906,2.9447364807128906,8.67147294084134,0.3424195875583702
32,48.0,gru,47.40156173706055,-0.5984382629394531,0.5984382629394531,0.35812835454999004,0.04710971108343687
33,106.0,gru,120.20430755615234,14.204307556152344,14.204307556152344,201.76235314976657,3.138902911989226
34,7.0,gru,6.234941005706787,-0.7650589942932129,0.7650589942932129,0.5853152647489424,0.060616870194543315
35,11.0,gru,5.1496806144714355,-5.8503193855285645,5.8503193855285645,34.22623691269132,0.5683507164416617
36,19.0,gru,21.13735008239746,2.137350082397461,2.137350082397461,4.568265374724433,0.23829447348046062
37,21.0,gru,27.49431610107422,6.494316101074219,6.494316101074219,42.17614162067184,0.9144523643333293
38,50.0,gru,55.22021484375,5.22021484375,5.22021484375,27.250643014907837,0.6854312813461174
39,125.0,gru,121.79507446289062,-3.204925537109375,3.204925537109375,10.271547698415816,0.2795810678573756
40,28.0,gru,30.34645652770996,2.346456527709961,2.346456527709961,5.505858236432687,0.2644606312185809
41,18.0,gru,21.224288940429688,3.2242889404296875,3.2242889404296875,10.396039171377197,0.38047672725075543
42,10.0,gru,10.567066192626953,0.5670661926269531,0.5670661926269531,0.3215640668204287,0.05834526672928675
43,59.0,gru,48.548744201660156,-10.451255798339844,10.451255798339844,109.2287477623322,1.234333009379017
44,109.0,gru,101.32605743408203,-7.673942565917969,7.673942565917969,58.88939450500766,0.8045356016938152
45,114.0,gru,73.46572875976562,-40.534271240234375,40.534271240234375,1643.0271449768916,21.601603715724753
46,47.0,gru,38.422454833984375,-8.577545166015625,8.577545166015625,73.57428107503802,0.9344270155126104
47,125.0,gru,85.48358154296875,-39.51641845703125,39.51641845703125,1561.5473276712,19.89948456478641
48,92.0,gru,114.03025817871094,22.030258178710938,22.030258178710938,485.33227542066015,8.052362902857773
49,21.0,gru,17.808095932006836,-3.191904067993164,3.191904067993164,10.18825157927131,0.27830001529036164
50,79.0,gru,74.68238067626953,-4.317619323730469,4.317619323730469,18.64183662465075,0.3939264698689533
51,114.0,gru,104.79431915283203,-9.205680847167969,9.205680847167969,84.74455985991517,1.0301898197252797
52,29.0,gru,30.59160614013672,1.5916061401367188,1.5916061401367188,2.5332101053209044,0.17252625570584335
53,26.0,gru,30.383785247802734,4.383785247802734,4.383785247802734,19.21757309885288,0.5501915823050867
54,97.0,gru,117.92628479003906,20.926284790039062,20.926284790039062,437.9093951138202,7.106194147491866
55,125.0,gru,108.37168884277344,-16.628311157226562,16.628311157226562,276.5007319415454,2.593407290052469
56,15.0,gru,18.357261657714844,3.3572616577148438,3.3572616577148438,11.27120583836222,0.3989558903486985
57,103.0,gru,108.9415283203125,5.9415283203125,5.9415283203125,35.30175878107548,0.8114956536338733
58,37.0,gru,45.8106575012207,8.810657501220703,8.810657501220703,77.62768560381664,1.413470492738211
59,114.0,gru,97.12364196777344,-16.876358032226562,16.876358032226562,284.811460431898,2.662629701497673
60,100.0,gru,87.32710266113281,-12.672897338867188,12.672897338867188,160.60232696146704,1.6507384374859693
61,21.0,gru,28.77850914001465,7.778509140014648,7.778509140014648,60.505204441291426,1.1767891280312561
62,54.0,gru,38.56110382080078,-15.438896179199219,15.438896179199219,238.35951523209224,2.27922593264558
63,72.0,gru,90.02715301513672,18.02715301513672,18.02715301513672,324.9782458311529,5.066096403138045
64,28.0,gru,22.039583206176758,-5.960416793823242,5.960416793823242,35.52656835609014,0.581689531612599
65,125.0,gru,120.66033172607422,-4.339668273925781,4.339668273925781,18.83272072771797,0.39629267710963445
66,14.0,gru,20.045827865600586,6.045827865600586,6.045827865600586,36.55203458047254,0.8304883452104799
67,77.0,gru,103.4830322265625,26.4830322265625,26.4830322265625,701.3509959131479,13.130042756876863
68,8.0,gru,9.738529205322266,1.7385292053222656,1.7385292053222656,3.0224837977584684,0.18988054595235093
69,121.0,gru,115.861572265625,-5.138427734375,5.138427734375,26.403439581394196,0.4847756328876054
70,94.0,gru,97.49691009521484,3.4969100952148438,3.4969100952148438,12.228380214015488,0.4186291379682139
71,118.0,gru,105.20050048828125,-12.79949951171875,12.79949951171875,163.82718775048852,1.6766791030945307
72,50.0,gru,59.846946716308594,9.846946716308594,9.846946716308594,96.9623596338206,1.6769943972928707
73,125.0,gru,93.67852020263672,-31.32147979736328,31.32147979736328,981.0350966966362,10.126666335443565
74,125.0,gru,91.69026947021484,-33.309730529785156,33.309730529785156,1109.5381479669013,11.965434916132187
75,113.0,gru,93.04072570800781,-19.959274291992188,19.959274291992188,398.37263026298024,3.6428518101270866
76,10.0,gru,8.760749816894531,-1.2392501831054688,1.2392501831054688,1.5357410163269378,0.10001843324784354
77,34.0,gru,25.763914108276367,-8.236085891723633,8.236085891723633,67.83311081584907,0.8842786499614774
78,107.0,gru,122.61460876464844,15.614608764648438,15.614608764648438,243.8160068730358,3.765778375612058
79,63.0,gru,92.82734680175781,29.827346801757812,29.827346801757812,889.670617232332,18.741730211226685
80,90.0,gru,109.55953979492188,19.559539794921875,19.559539794921875,382.57559698913246,6.070661072961343
81,8.0,gru,10.682477951049805,2.6824779510498047,2.6824779510498047,7.195687957868358,0.30767113437719273
82,9.0,gru,9.486632347106934,0.4866323471069336,0.4866323471069336,0.2368110412508031,0.049866732526287594
83,125.0,gru,117.98552703857422,-7.014472961425781,7.014472961425781,49.20283092657337,0.7152774452448352
84,58.0,gru,54.256370544433594,-3.7436294555664062,3.7436294555664062,14.014761500584427,0.3337192880232731
85,118.0,gru,121.53558349609375,3.53558349609375,3.53558349609375,12.500350657850504,0.4241260817276402
86,89.0,gru,110.47883605957031,21.478836059570312,21.478836059570312,461.34039847389795,7.566708666771609
87,116.0,gru,113.76345825195312,-2.236541748046875,2.236541748046875,5.002118990756571,0.18772732825646643
88,115.0,gru,117.48672485351562,2.486724853515625,2.486724853515625,6.183800497092307,0.28232198505350836
89,125.0,gru,117.72798919677734,-7.272010803222656,7.272010803222656,52.88214112218702,0.7495969487375653
90,28.0,gru,31.36109733581543,3.3610973358154297,3.3610973358154297,11.29697530082558,0.39949258771926566
91,38.0,gru,24.34101676940918,-13.65898323059082,13.65898323059082,186.56782289356124,1.8596264881033258
92,20.0,gru,23.303579330444336,3.303579330444336,3.303579330444336,10.913636392539047,0.3914660910340244
93,85.0,gru,36.92913818359375,-48.07086181640625,48.07086181640625,2310.8077557720244,39.35674734821825
94,55.0,gru,74.93923950195312,19.939239501953125,19.939239501953125,397.5732719162479,6.344295946228407
95,125.0,gru,102.042724609375,-22.957275390625,22.957275390625,527.0364933609962,4.847090931051269
96,125.0,gru,92.88612365722656,-32.11387634277344,32.11387634277344,1031.3010537589435,10.825972596998428
97,82.0,gru,97.67536163330078,15.675361633300781,15.675361633300781,245.71696233475814,3.7948199750790135
98,59.0,gru,60.60158157348633,1.6015815734863281,1.6015815734863281,2.5650635365309427,0.1736964850374838
99,117.0,gru,116.86795043945312,-0.132049560546875,0.132049560546875,0.017437086440622807,0.010209422635743426
100,20.0,gru,19.202259063720703,-0.7977409362792969,0.7977409362792969,0.6363906014157692,0.06328661072488195
1,112.0,standard_lstm,117.96241760253906,5.9624176025390625,5.9624176025390625,35.55042366706766,0.8152836931238039
2,98.0,standard_lstm,117.76569366455078,19.76569366455078,19.76569366455078,390.6826460408629,6.217938360235681
3,69.0,standard_lstm,57.225494384765625,-11.774505615234375,11.774505615234375,138.63898248318583,1.4737400635530702
4,82.0,standard_lstm,107.55941009521484,25.559410095214844,25.559410095214844,653.2834444153705,11.88341737360267
5,91.0,standard_lstm,106.43807983398438,15.438079833984375,15.438079833984375,238.33430896047503,3.6823868162698057
6,93.0,standard_lstm,110.41600036621094,17.416000366210938,17.416000366210938,303.3170687558595,4.706466677615837
7,91.0,standard_lstm,103.02595520019531,12.025955200195312,12.025955200195312,144.62359847710468,2.3287455457144812
8,95.0,standard_lstm,111.66319274902344,16.663192749023438,16.663192749023438,277.66199259110726,4.292651107665493
9,111.0,standard_lstm,107.69268798828125,-3.30731201171875,3.30731201171875,10.938312742859125,0.289698688501963
10,96.0,standard_lstm,93.70787048339844,-2.2921295166015625,2.2921295166015625,5.253857720876113,0.19281690287681408
11,97.0,standard_lstm,76.10118865966797,-20.89881134033203,20.89881134033203,436.7603154387907,3.990823231122625
12,124.0,standard_lstm,92.38595581054688,-31.614044189453125,31.614044189453125,999.4477900126949,10.379910375304243
13,95.0,standard_lstm,102.45658874511719,7.4565887451171875,7.4565887451171875,55.60071571380831,1.1078297728726647
14,107.0,standard_lstm,105.97438049316406,-1.0256195068359375,1.0256195068359375,1.0518953728023916,0.08208940696665512
15,83.0,standard_lstm,109.44157409667969,26.441574096679688,26.441574096679688,699.1568407102022,13.07158350638239
16,84.0,standard_lstm,108.72926330566406,24.729263305664062,24.729263305664062,611.5364636408631,10.85709390888462
17,50.0,standard_lstm,53.181880950927734,3.1818809509277344,3.1818809509277344,10.124366385876783,0.3746347989720007
18,28.0,standard_lstm,34.22043228149414,6.220432281494141,6.220432281494141,38.6937777686544,0.8627301389022999
19,87.0,standard_lstm,86.54918670654297,-0.45081329345703125,0.45081329345703125,0.20323262555757537,0.03528623666897612
20,16.0,standard_lstm,22.19370460510254,6.193704605102539,6.193704605102539,38.3619767352684,0.8577581415232676
21,57.0,standard_lstm,74.83570861816406,17.835708618164062,17.835708618164062,318.1125019120518,4.951068967453254
22,111.0,standard_lstm,119.3004150390625,8.3004150390625,8.3004150390625,68.89688982069492,1.2934139239254132
23,113.0,standard_lstm,120.00575256347656,7.0057525634765625,7.0057525634765625,49.08056898065843,1.0149114647573465
24,20.0,standard_lstm,21.445308685302734,1.4453086853027344,1.4453086853027344,2.0889171958115185,0.15549736291856942
25,125.0,standard_lstm,118.43146514892578,-6.568534851074219,6.568534851074219,43.14565008977661,0.6574361353407829
26,119.0,standard_lstm,107.82737731933594,-11.172622680664062,11.172622680664062,124.82749756448902,1.3618200132982472
27,66.0,standard_lstm,107.43351745605469,41.43351745605469,41.43351745605469,1716.7363687811885,62.01367369415149
28,97.0,standard_lstm,113.11891174316406,16.118911743164062,16.118911743164062,259.8193157839123,4.012281367957855
29,90.0,standard_lstm,91.01204681396484,1.0120468139648438,1.0120468139648438,1.024238753656391,0.10650309918637779
30,115.0,standard_lstm,87.1976089477539,-27.802391052246094,27.802391052246094,772.9729482220137,7.4879326415848535
31,8.0,standard_lstm,18.0373592376709,10.037359237670898,10.037359237670898,100.74858046605732,1.7284561154943598
32,48.0,standard_lstm,56.574913024902344,8.574913024902344,8.574913024902344,73.52913338463986,1.357239668494283
33,106.0,standard_lstm,112.71928405761719,6.7192840576171875,6.7192840576171875,45.148778246948496,0.9580095191404967
34,7.0,standard_lstm,13.108349800109863,6.108349800109863,6.108349800109863,37.31193728050221,0.8419687639564872
35,11.0,standard_lstm,13.498181343078613,2.4981813430786133,2.4981813430786133,6.240910022906064,0.28379191774997836
36,19.0,standard_lstm,25.024564743041992,6.024564743041992,6.024564743041992,36.295380343104625,0.826600290481952
37,21.0,standard_lstm,30.341514587402344,9.341514587402344,9.341514587402344,87.26389478665078,1.5450529587885704
38,50.0,standard_lstm,51.722721099853516,1.7227210998535156,1.7227210998535156,2.9677679878805066,0.18800105618580876
39,125.0,standard_lstm,120.88568115234375,-4.11431884765625,4.11431884765625,16.927619580179453,0.37229711942301913
40,28.0,standard_lstm,34.967342376708984,6.967342376708984,6.967342376708984,48.5438597942848,1.0071869965992928
41,18.0,standard_lstm,30.45775604248047,12.457756042480469,12.457756042480469,155.19568561395863,2.475629467183211
42,10.0,standard_lstm,11.670127868652344,1.6701278686523438,1.6701278686523438,2.7893270976492204,0.18176937633750323
43,59.0,standard_lstm,68.87905883789062,9.879058837890625,9.879058837890625,97.59580352250487,1.6856046114621526
44,109.0,standard_lstm,109.69679260253906,0.6967926025390625,0.6967926025390625,0.48551993095315993,0.07216424041317504
45,114.0,standard_lstm,70.30381774902344,-43.69618225097656,43.69618225097656,1909.3563433105592,27.825049647690534
46,47.0,standard_lstm,39.94469451904297,-7.055305480957031,7.055305480957031,49.777335429622326,0.720673538333328
47,125.0,standard_lstm,99.89027404785156,-25.109725952148438,25.109725952148438,630.4983373919968,5.899972188441892
48,92.0,standard_lstm,103.32270812988281,11.322708129882812,11.322708129882812,128.20371939451434,2.1026941446755907
49,21.0,standard_lstm,18.168249130249023,-2.8317508697509766,2.8317508697509766,8.018812988335412,0.24337193320741246
50,79.0,standard_lstm,81.20508575439453,2.2050857543945312,2.2050857543945312,4.862403184233699,0.24671061578378994
51,114.0,standard_lstm,109.93710327148438,-4.062896728515625,4.062896728515625,16.50712982658297,0.3668796543939403
52,29.0,standard_lstm,38.609867095947266,9.609867095947266,9.609867095947266,92.34954560176993,1.6142747311786088
53,26.0,standard_lstm,41.17506790161133,15.175067901611328,15.175067901611328,230.28268581851444,3.5608398771911656
54,97.0,standard_lstm,119.53425598144531,22.534255981445312,22.534255981445312,507.79269263730384,8.5202927382295
55,125.0,standard_lstm,112.88009643554688,-12.119903564453125,12.119903564453125,146.89206241164356,1.5403459541797333
56,15.0,standard_lstm,17.12989616394043,2.1298961639404297,2.1298961639404297,4.536457669168158,0.23737180279567172
57,103.0,standard_lstm,104.55781555175781,1.5578155517578125,1.5578155517578125,2.426789293298498,0.16857090694046928
58,37.0,standard_lstm,51.4946403503418,14.494640350341797,14.494640350341797,210.09459888575657,3.2608302473418522
59,114.0,standard_lstm,118.66598510742188,4.665985107421875,4.665985107421875,21.771417022682726,0.5945610757404243
60,100.0,standard_lstm,108.08547973632812,8.085479736328125,8.085479736328125,65.37498256657273,1.2446463335850178
61,21.0,standard_lstm,28.2392520904541,7.239252090454102,7.239252090454102,52.40677082914408,1.0625131377929344
62,54.0,standard_lstm,54.26838684082031,0.2683868408203125,0.2683868408203125,0.07203149632550776,0.027202085350082728
63,72.0,standard_lstm,74.71063232421875,2.71063232421875,2.71063232421875,7.347527597099543,0.3113579881045492
64,28.0,standard_lstm,37.9228630065918,9.922863006591797,9.922863006591797,98.463210247588,1.6973944826319012
65,125.0,standard_lstm,120.78526306152344,-4.2147369384765625,4.2147369384765625,17.764007460558787,0.38293843165758457
66,14.0,standard_lstm,19.671064376831055,5.671064376831055,5.671064376831055,32.1609711661622,0.7631578559800316
67,77.0,standard_lstm,109.19868469238281,32.19868469238281,32.19868469238281,1036.7552959194873,24.024828430113985
68,8.0,standard_lstm,15.759783744812012,7.759783744812012,7.759783744812012,60.21424376624873,1.1727168183320926
69,121.0,standard_lstm,118.71420288085938,-2.285797119140625,2.285797119140625,5.224868469871581,0.19223601430995396
70,94.0,standard_lstm,94.266357421875,0.266357421875,0.266357421875,0.07094627618789673,0.026993644164255315
71,118.0,standard_lstm,109.50587463378906,-8.494125366210938,8.494125366210938,72.1501657369081,0.9220537175585468
72,50.0,standard_lstm,89.14855194091797,39.14855194091797,39.14855194091797,1532.609119070752,49.14181015494745
73,125.0,standard_lstm,112.05844116210938,-12.941558837890625,12.941558837890625,167.48394515458494,1.7060892893066293
74,125.0,standard_lstm,107.50337219238281,-17.496627807617188,17.496627807617188,306.13198463828303,2.8416211298374567
75,113.0,standard_lstm,101.6046371459961,-11.395362854003906,11.395362854003906,129.85429457441205,1.4026357727693863
76,10.0,standard_lstm,12.27745532989502,2.2774553298950195,2.2774553298950195,5.186802779667232,0.2557657338191366
77,34.0,standard_lstm,40.095069885253906,6.095069885253906,6.095069885253906,37.149876906129066,0.8395242686149713
78,107.0,standard_lstm,121.21995544433594,14.219955444335938,14.219955444335938,202.20713283889927,3.1453844908146698
79,63.0,standard_lstm,79.12437438964844,16.124374389648438,16.124374389648438,259.9954494575504,4.015020148058461
80,90.0,standard_lstm,90.99930572509766,0.9993057250976562,0.9993057250976562,0.9986119322129525,0.10509419149602328
81,8.0,standard_lstm,11.527402877807617,3.527402877807617,3.527402877807617,12.44257106236546,0.42296153494162825
82,9.0,standard_lstm,18.231945037841797,9.231945037841797,9.231945037841797,85.22880918173178,1.5173191446986016
83,125.0,standard_lstm,116.26368713378906,-8.736312866210938,8.736312866210938,76.32316249632277,0.9581968329935147
84,58.0,standard_lstm,60.44661331176758,2.446613311767578,2.446613311767578,5.985916697318316,0.27718869595931617
85,118.0,standard_lstm,119.67401123046875,1.67401123046875,1.67401123046875,2.8023135997354984,0.1822283892645853
86,89.0,standard_lstm,94.75421142578125,5.75421142578125,5.75421142578125,33.110949132591486,0.7778791098648206
87,116.0,standard_lstm,118.08125305175781,2.0812530517578125,2.0812530517578125,4.331614265451208,0.23136745659778324
88,115.0,standard_lstm,115.21408081054688,0.214080810546875,0.214080810546875,0.045830593444406986,0.021638878053128252
89,125.0,standard_lstm,110.67521667480469,-14.324783325195312,14.324783325195312,205.19941731379367,2.009898657623634
90,28.0,standard_lstm,35.469322204589844,7.469322204589844,7.469322204589844,55.790774195978884,1.1105154789250506
91,38.0,standard_lstm,23.92464828491211,-14.07535171508789,14.07535171508789,198.11552590342762,1.95269810052817
92,20.0,standard_lstm,24.039813995361328,4.039813995361328,4.039813995361328,16.320097117117257,0.4977760873690449
93,85.0,standard_lstm,52.24774169921875,-32.75225830078125,32.75225830078125,1072.7104238010943,11.421197447194158
94,55.0,standard_lstm,65.62994384765625,10.62994384765625,10.62994384765625,112.99570620432496,1.8950268476037175
95,125.0,standard_lstm,95.48213195800781,-29.517868041992188,29.517868041992188,871.3045337444637,8.685260889718958
96,125.0,standard_lstm,116.21798706054688,-8.782012939453125,8.782012939453125,77.12375126872212,0.9650927729049372
97,82.0,standard_lstm,88.68791198730469,6.6879119873046875,6.6879119873046875,44.728166749933735,0.9518764632729522
98,59.0,standard_lstm,62.659488677978516,3.6594886779785156,3.6594886779785156,13.391857384252944,0.44188151419252497
99,117.0,standard_lstm,121.02442169189453,4.024421691894531,4.024421691894531,16.19596995419124,0.49547243834090415
100,20.0,standard_lstm,20.981632232666016,0.9816322326660156,0.9816322326660156,0.9636018402088666,0.10314282899050875
1,112.0,heteroscedastic_lstm,115.95454406738281,3.9545440673828125,3.9545440673828125,15.638418780872598,0.4850588583745761
2,98.0,heteroscedastic_lstm,113.2396469116211,15.239646911621094,15.239646911621094,232.24683799088234,3.590388638393728
3,69.0,heteroscedastic_lstm,68.73745727539062,-0.262542724609375,0.262542724609375,0.06892868224531412,0.02040090500867331
4,82.0,heteroscedastic_lstm,101.95369720458984,19.953697204589844,19.953697204589844,398.15003213245654,6.354921790328893
5,91.0,heteroscedastic_lstm,105.39939880371094,14.399398803710938,14.399398803710938,207.34268590831198,3.220442077957733
6,93.0,heteroscedastic_lstm,113.42884063720703,20.42884063720703,20.42884063720703,417.3375297804014,6.712821421195418
7,91.0,heteroscedastic_lstm,109.01423645019531,18.014236450195312,18.014236450195312,324.5127148835454,5.058266148413184
8,95.0,heteroscedastic_lstm,96.9611587524414,1.9611587524414062,1.9611587524414062,3.846143652277533,0.2166678788539882
9,111.0,heteroscedastic_lstm,113.6889419555664,2.6889419555664062,2.6889419555664062,7.230408840405289,0.308516686842383
10,96.0,heteroscedastic_lstm,70.92150115966797,-25.07849884033203,25.07849884033203,628.931104084535,5.8834177556712985
11,97.0,heteroscedastic_lstm,78.67103576660156,-18.328964233398438,18.328964233398438,335.9509298691992,3.095629074470705
12,124.0,heteroscedastic_lstm,88.00469207763672,-35.99530792236328,35.99530792236328,1295.6621924257488,14.940608390716461
13,95.0,heteroscedastic_lstm,104.18058013916016,9.180580139160156,9.180580139160156,84.28305169154191,1.5044221115128233
14,107.0,heteroscedastic_lstm,106.62164306640625,-0.37835693359375,0.37835693359375,0.14315396919846535,0.029532050915041186
15,83.0,heteroscedastic_lstm,114.8531265258789,31.853126525878906,31.853126525878906,1014.6216694736504,23.17484555242664
16,84.0,heteroscedastic_lstm,113.32749938964844,29.327499389648438,29.327499389648438,860.1022204498295,17.77920121315742
17,50.0,heteroscedastic_lstm,50.892555236816406,0.8925552368164062,0.8925552368164062,0.796654850768391,0.093360000007908
18,28.0,heteroscedastic_lstm,56.187889099121094,28.187889099121094,28.187889099121094,794.5570918643498,15.756544693251666
19,87.0,heteroscedastic_lstm,107.16607666015625,20.16607666015625,20.16607666015625,406.67064786329865,6.5127957440552855
20,16.0,heteroscedastic_lstm,26.00890350341797,10.008903503417969,10.008903503417969,100.17814934073249,1.7207031293572035
21,57.0,heteroscedastic_lstm,76.22447967529297,19.22447967529297,19.22447967529297,369.58061878575245,5.837676408279575
22,111.0,heteroscedastic_lstm,113.67757415771484,2.6775741577148438,2.6775741577148438,7.169403370062355,0.30703003668126216
23,113.0,heteroscedastic_lstm,115.90092468261719,2.9009246826171875,2.9009246826171875,8.41536401421763,0.3365510708658601
24,20.0,heteroscedastic_lstm,17.088972091674805,-2.9110279083251953,2.9110279083251953,8.474083483048162,0.2509774724857541
25,125.0,heteroscedastic_lstm,114.96729278564453,-10.032707214355469,10.032707214355469,100.65521404898027,1.1635420331324569
26,119.0,heteroscedastic_lstm,116.0388412475586,-2.9611587524414062,2.9611587524414062,8.768461157160345,0.2558108285559384
27,66.0,heteroscedastic_lstm,112.39179992675781,46.39179992675781,46.39179992675781,2152.199100444326,102.45947526259934
28,97.0,heteroscedastic_lstm,109.88343811035156,12.883438110351562,12.883438110351562,165.98297754325904,2.626774954295668
29,90.0,heteroscedastic_lstm,97.80742645263672,7.807426452636719,7.807426452636719,60.95590781333158,1.183092927257909
30,115.0,heteroscedastic_lstm,101.21051788330078,-13.789482116699219,13.789482116699219,190.14981704676757,1.8884770577554373
31,8.0,heteroscedastic_lstm,19.1257266998291,11.125726699829102,11.125726699829102,123.78179459929015,2.042174847460282
32,48.0,heteroscedastic_lstm,57.10295867919922,9.102958679199219,9.102958679199219,82.86385671520839,1.4850576734720056
33,106.0,heteroscedastic_lstm,110.67355346679688,4.673553466796875,4.673553466796875,21.84210200700909,0.5957683536651159
34,7.0,heteroscedastic_lstm,15.448073387145996,8.448073387145996,8.448073387145996,71.36994395460442,1.3275293465746936
35,11.0,heteroscedastic_lstm,13.417733192443848,2.4177331924438477,2.4177331924438477,5.845433789844719,0.2735054809100217
36,19.0,heteroscedastic_lstm,25.791515350341797,6.791515350341797,6.791515350341797,46.12468075392826,0.9722036764171198
37,21.0,heteroscedastic_lstm,44.11146545410156,23.111465454101562,23.111465454101562,534.1398354361299,9.085982064643156
38,50.0,heteroscedastic_lstm,71.03137969970703,21.03137969970703,21.03137969970703,442.318932073249,7.191835356164269
39,125.0,heteroscedastic_lstm,116.10340118408203,-8.896598815917969,8.896598815917969,79.149470491393,0.9824902472019676
40,28.0,heteroscedastic_lstm,29.070470809936523,1.0704708099365234,1.0704708099365234,1.1459077549261565,0.11298665376339168
41,18.0,heteroscedastic_lstm,40.76753616333008,22.767536163330078,22.767536163330078,518.3607029485429,8.744993016477103
42,10.0,heteroscedastic_lstm,16.24473762512207,6.24473762512207,6.24473762512207,38.996748006615235,0.8672630750104742
43,59.0,heteroscedastic_lstm,72.59068298339844,13.590682983398438,13.590682983398438,184.70666395523585,2.8925649025829014
44,109.0,heteroscedastic_lstm,113.67086029052734,4.670860290527344,4.670860290527344,21.816935853625182,0.5953386429858674
45,114.0,heteroscedastic_lstm,78.68006134033203,-35.31993865966797,35.31993865966797,1247.498066922708,14.133613939061142
46,47.0,heteroscedastic_lstm,30.066450119018555,-16.933549880981445,16.933549880981445,286.7451115716867,2.678778471832408
47,125.0,heteroscedastic_lstm,110.81163787841797,-14.188362121582031,14.188362121582031,201.30961969314376,1.9784781164580596
48,92.0,heteroscedastic_lstm,111.09928131103516,19.099281311035156,19.099281311035156,364.7825465980568,5.752603478931377
49,21.0,heteroscedastic_lstm,21.194087982177734,0.19408798217773438,0.19408798217773438,0.037670144825824536,0.01959837343132742
50,79.0,heteroscedastic_lstm,113.1451187133789,34.145118713378906,34.145118713378906,1165.8891319507384,29.40210566586318
51,114.0,heteroscedastic_lstm,107.41802215576172,-6.581977844238281,6.581977844238281,43.32243234204361,0.6591509373936235
52,29.0,heteroscedastic_lstm,43.33056640625,14.33056640625,14.33056640625,205.36513352394104,3.1914915144393365
53,26.0,heteroscedastic_lstm,32.69821548461914,6.698215484619141,6.698215484619141,44.86609067839163,0.9538886150947326
54,97.0,heteroscedastic_lstm,111.3758316040039,14.375831604003906,14.375831604003906,206.66453430667752,3.2105073890654836
55,125.0,heteroscedastic_lstm,109.95433807373047,-15.045661926269531,15.045661926269531,226.37194279959658,2.1815185355440403
56,15.0,heteroscedastic_lstm,23.01412010192871,8.014120101928711,8.014120101928711,64.22612100813785,1.2286856346242208
57,103.0,heteroscedastic_lstm,102.45938873291016,-0.5406112670898438,0.5406112670898438,0.2922605421044864,0.04246226988999746
58,37.0,heteroscedastic_lstm,64.45064544677734,27.450645446777344,27.450645446777344,753.5379354446777,14.56561857759679
59,114.0,heteroscedastic_lstm,116.44701385498047,2.4470138549804688,2.4470138549804688,5.9878768064663745,0.27723985391023254
60,100.0,heteroscedastic_lstm,107.87667083740234,7.876670837402344,7.876670837402344,62.04194348078454,1.1982620782370428
61,21.0,heteroscedastic_lstm,26.449153900146484,5.449153900146484,5.449153900146484,29.693278227481642,0.7244624694593973
62,54.0,heteroscedastic_lstm,48.918296813964844,-5.081703186035156,5.081703186035156,25.823707270959858,0.4783110372577257
63,72.0,heteroscedastic_lstm,88.31280517578125,16.31280517578125,16.31280517578125,266.10761270299554,4.110414506093201
64,28.0,heteroscedastic_lstm,36.91877365112305,8.918773651123047,8.918773651123047,79.54452343996672,1.4397055727347974
65,125.0,heteroscedastic_lstm,116.01597595214844,-8.984024047851562,8.984024047851562,80.71268809237517,0.9958674600653876
66,14.0,heteroscedastic_lstm,21.552824020385742,7.552824020385742,7.552824020385742,57.045150682915846,1.1282124500342534
67,77.0,heteroscedastic_lstm,113.15756225585938,36.157562255859375,36.157562255859375,1307.3693082863465,36.17945134966849
68,8.0,heteroscedastic_lstm,19.936010360717773,11.936010360717773,11.936010360717773,142.46834333116203,2.2989394435355672
69,121.0,heteroscedastic_lstm,112.04068756103516,-8.959312438964844,8.959312438964844,80.26927937899018,0.9920771332431877
70,94.0,heteroscedastic_lstm,107.0149917602539,13.014991760253906,13.014991760253906,169.39001051947707,2.674801714699623
71,118.0,heteroscedastic_lstm,110.82544708251953,-7.174552917480469,7.174552917480469,51.474209565727506,0.7365296818280156
72,50.0,heteroscedastic_lstm,66.07279968261719,16.072799682617188,16.072799682617188,258.33488963753916,3.9892219125761113
73,125.0,heteroscedastic_lstm,115.08592987060547,-9.914070129394531,9.914070129394531,98.2887865305529,1.1438875200823708
74,125.0,heteroscedastic_lstm,100.98578643798828,-24.01421356201172,24.01421356201172,576.6824530019076,5.342336267853448
75,113.0,heteroscedastic_lstm,111.37641906738281,-1.6235809326171875,1.6235809326171875,2.6360150447580963,0.1330247664323494
76,10.0,heteroscedastic_lstm,16.60761833190918,6.60761833190918,6.60761833190918,43.66062002018225,0.9362668850293996
77,34.0,heteroscedastic_lstm,44.393131256103516,10.393131256103516,10.393131256103516,108.01717730659584,1.8272743648961014
78,107.0,heteroscedastic_lstm,116.66949462890625,9.66949462890625,9.66949462890625,93.49912637844682,1.629909573478093
79,63.0,heteroscedastic_lstm,113.35267639160156,50.35267639160156,50.35267639160156,2535.3920197973493,152.7407341470229
80,90.0,heteroscedastic_lstm,105.39810180664062,15.398101806640625,15.398101806640625,237.10153924766928,3.663704925590962
81,8.0,heteroscedastic_lstm,16.803176879882812,8.803176879882812,8.803176879882812,77.49592317850329,1.4116657419685934
82,9.0,heteroscedastic_lstm,20.43584442138672,11.435844421386719,11.435844421386719,130.77853763016174,2.137996196206039
83,125.0,heteroscedastic_lstm,114.45719909667969,-10.542800903320312,10.542800903320312,111.1506508870516,1.2501225578102941
84,58.0,heteroscedastic_lstm,74.99303436279297,16.99303436279297,16.99303436279297,288.76321685506264,4.470135766239219
85,118.0,heteroscedastic_lstm,113.73603057861328,-4.263969421386719,4.263969421386719,18.18143522652099,0.388185706993734
86,89.0,heteroscedastic_lstm,79.43017578125,-9.56982421875,9.56982421875,91.58153557777405,1.0878614751888747
87,116.0,heteroscedastic_lstm,116.04986572265625,0.04986572265625,0.04986572265625,0.0024865902960300446,0.004999025908830834
88,115.0,heteroscedastic_lstm,110.82304382324219,-4.1769561767578125,4.1769561767578125,17.446962902555242,0.37892515332828536
89,125.0,heteroscedastic_lstm,106.04656982421875,-18.95343017578125,18.95343017578125,359.23251542821527,3.2971678551628827
90,28.0,heteroscedastic_lstm,38.592037200927734,10.592037200927734,10.592037200927734,112.19125206583703,1.8840735448702022
91,38.0,heteroscedastic_lstm,26.435911178588867,-11.564088821411133,11.564088821411133,133.72815026948592,1.4340226348189642
92,20.0,heteroscedastic_lstm,27.420228958129883,7.420228958129883,7.420228958129883,55.059797791069286,1.1001796649607396
93,85.0,heteroscedastic_lstm,47.076881408691406,-37.923118591308594,37.923118591308594,1438.1629236904555,17.48875979088206
94,55.0,heteroscedastic_lstm,72.3108139038086,17.310813903808594,17.310813903808594,299.6642780122929,4.646756956600701
95,125.0,heteroscedastic_lstm,114.25312805175781,-10.746871948242188,10.746871948242188,115.49525667191483,1.2857231642975258
96,125.0,heteroscedastic_lstm,116.12511444091797,-8.874885559082031,8.874885559082031,78.76359368680278,0.9791817555981754
97,82.0,heteroscedastic_lstm,110.98873901367188,28.988739013671875,28.988739013671875,840.3469896027818,17.153691008165644
98,59.0,heteroscedastic_lstm,54.342796325683594,-4.657203674316406,4.657203674316406,21.689546064066235,0.4308181828409079
99,117.0,heteroscedastic_lstm,114.9506607055664,-2.0493392944335938,2.0493392944335938,4.19979154370958,0.170746388365552
100,20.0,heteroscedastic_lstm,15.917667388916016,-4.082332611083984,4.082332611083984,16.66543954751978,0.36892476067997637
