model_key,rul_regime,engine_count,rmse,mae,nasa_score,mean_error
naive,Low (RUL <= 40),28,67.33413195276937,66.73001970563617,31388.739401212093,66.73001970563617
naive,Medium (40 < RUL <= 80),17,28.560917549207577,26.856070125804226,345.10935037496847,26.856070125804226
naive,High (RUL > 80),55,24.92058475018709,21.054659201882103,385.7279596283935,-20.464785489169035
linear_regression,Low (RUL <= 40),28,24.950985275797343,20.086190802717283,839.3749688756533,18.471289753729106
linear_regression,Medium (40 < RUL <= 80),17,24.708485011133785,21.030930501415654,284.414718143912,21.030930501415654
linear_regression,High (RUL > 80),55,17.603126238101524,13.671875581477249,251.59504943660403,-4.672876557865637
random_forest,Low (RUL <= 40),28,14.047877926905358,9.191004649745812,139.58278475456544,6.471513907254518
random_forest,Medium (40 < RUL <= 80),17,25.27832378038371,19.409526976304534,505.2797782422854,16.65498681789547
random_forest,High (RUL > 80),55,17.23063903241199,13.790424504028866,250.89231737277342,0.9576981205226209
xgboost,Low (RUL <= 40),28,12.087548096627167,8.242646268435887,83.48133125281537,5.3820677655083795
xgboost,Medium (40 < RUL <= 80),17,24.103171672780768,18.187769721536075,449.9339950667014,13.899826498592601
xgboost,High (RUL > 80),55,16.471053864512538,12.576693101362748,235.43371223716647,1.0093756242231888
gru,Low (RUL <= 40),28,4.935190389096557,3.8270327704293385,13.29459879160733,0.986496993473598
gru,Medium (40 < RUL <= 80),17,15.688346383337418,12.570884031407973,66.48682092119837,4.131634207332835
gru,High (RUL > 80),55,18.99477883317201,14.950072271173651,281.87897912131126,-4.159046381170099
standard_lstm,Low (RUL <= 40),28,7.913053417938529,6.839172158922468,31.078615594274275,5.63152197429112
standard_lstm,Medium (40 < RUL <= 80),17,17.792096009345894,12.40290428610409,153.14566287871924,10.187632392434512
standard_lstm,High (RUL > 80),55,15.362479379506185,11.646834217418323,176.95895979045727,-0.905047607421875
heteroscedastic_lstm,Low (RUL <= 40),28,12.388582756806578,10.161711965288434,77.8058699007313,8.836179869515556
heteroscedastic_lstm,Medium (40 < RUL <= 80),17,23.8725951393148,19.08903918546789,359.10709850410944,15.920215718886432
heteroscedastic_lstm,High (RUL > 80),55,15.79439766511101,12.52018349387429,199.03375106914936,-0.3855829412286932
