engine_id,actual_rul,predicted_rul,error,absolute_error
1,112,104.457245,-7.542755126953125,7.542755126953125
2,98,115.79351,17.79351043701172,17.79351043701172
3,69,40.39376,-28.606239318847656,28.606239318847656
4,82,82.9537,0.9536972045898438,0.9536972045898438
5,91,91.846436,0.846435546875,0.846435546875
6,93,108.94511,15.945106506347656,15.945106506347656
7,91,108.267975,17.267974853515625,17.267974853515625
8,95,82.54693,-12.453071594238281,12.453071594238281
9,111,114.19237,3.1923675537109375,3.1923675537109375
10,96,84.35019,-11.649810791015625,11.649810791015625
11,97,57.520256,-39.47974395751953,39.47974395751953
12,124,101.58542,-22.414581298828125,22.414581298828125
13,95,85.42444,-9.5755615234375,9.5755615234375
14,107,98.9497,-8.050300598144531,8.050300598144531
15,83,117.094826,34.094825744628906,34.094825744628906
16,84,111.4259,27.4259033203125,27.4259033203125
17,50,50.64403,0.6440315246582031,0.6440315246582031
18,28,33.716625,5.716625213623047,5.716625213623047
19,87,83.997955,-3.002044677734375,3.002044677734375
20,16,16.418613,0.4186134338378906,0.4186134338378906
21,57,74.34995,17.349952697753906,17.349952697753906
22,111,116.64871,5.648712158203125,5.648712158203125
23,113,118.42357,5.4235687255859375,5.4235687255859375
24,20,19.932259,-0.06774139404296875,0.06774139404296875
25,125,104.22006,-20.779937744140625,20.779937744140625
26,119,116.39789,-2.60211181640625,2.60211181640625
27,66,79.031906,13.031906127929688,13.031906127929688
28,97,120.21117,23.211166381835938,23.211166381835938
29,90,77.80936,-12.190643310546875,12.190643310546875
30,115,112.21777,-2.7822265625,2.7822265625
31,8,10.9447365,2.9447364807128906,2.9447364807128906
32,48,47.40156,-0.5984382629394531,0.5984382629394531
33,106,120.20431,14.204307556152344,14.204307556152344
34,7,6.234941,-0.7650589942932129,0.7650589942932129
35,11,5.1496806,-5.8503193855285645,5.8503193855285645
36,19,21.13735,2.137350082397461,2.137350082397461
37,21,27.494316,6.494316101074219,6.494316101074219
38,50,55.220215,5.22021484375,5.22021484375
39,125,121.795074,-3.204925537109375,3.204925537109375
40,28,30.346457,2.346456527709961,2.346456527709961
41,18,21.224289,3.2242889404296875,3.2242889404296875
42,10,10.567066,0.5670661926269531,0.5670661926269531
43,59,48.548744,-10.451255798339844,10.451255798339844
44,109,101.32606,-7.673942565917969,7.673942565917969
45,114,73.46573,-40.534271240234375,40.534271240234375
46,47,38.422455,-8.577545166015625,8.577545166015625
47,125,85.48358,-39.51641845703125,39.51641845703125
48,92,114.03026,22.030258178710938,22.030258178710938
49,21,17.808096,-3.191904067993164,3.191904067993164
50,79,74.68238,-4.317619323730469,4.317619323730469
51,114,104.79432,-9.205680847167969,9.205680847167969
52,29,30.591606,1.5916061401367188,1.5916061401367188
53,26,30.383785,4.383785247802734,4.383785247802734
54,97,117.926285,20.926284790039062,20.926284790039062
55,125,108.37169,-16.628311157226562,16.628311157226562
56,15,18.357262,3.3572616577148438,3.3572616577148438
57,103,108.94153,5.9415283203125,5.9415283203125
58,37,45.810658,8.810657501220703,8.810657501220703
59,114,97.12364,-16.876358032226562,16.876358032226562
60,100,87.3271,-12.672897338867188,12.672897338867188
61,21,28.77851,7.778509140014648,7.778509140014648
62,54,38.561104,-15.438896179199219,15.438896179199219
63,72,90.02715,18.02715301513672,18.02715301513672
64,28,22.039583,-5.960416793823242,5.960416793823242
65,125,120.66033,-4.339668273925781,4.339668273925781
66,14,20.045828,6.045827865600586,6.045827865600586
67,77,103.48303,26.4830322265625,26.4830322265625
68,8,9.738529,1.7385292053222656,1.7385292053222656
69,121,115.86157,-5.138427734375,5.138427734375
70,94,97.49691,3.4969100952148438,3.4969100952148438
71,118,105.2005,-12.79949951171875,12.79949951171875
72,50,59.846947,9.846946716308594,9.846946716308594
73,125,93.67852,-31.32147979736328,31.32147979736328
74,125,91.69027,-33.309730529785156,33.309730529785156
75,113,93.040726,-19.959274291992188,19.959274291992188
76,10,8.76075,-1.2392501831054688,1.2392501831054688
77,34,25.763914,-8.236085891723633,8.236085891723633
78,107,122.61461,15.614608764648438,15.614608764648438
79,63,92.82735,29.827346801757812,29.827346801757812
80,90,109.55954,19.559539794921875,19.559539794921875
81,8,10.682478,2.6824779510498047,2.6824779510498047
82,9,9.486632,0.4866323471069336,0.4866323471069336
83,125,117.98553,-7.014472961425781,7.014472961425781
84,58,54.25637,-3.7436294555664062,3.7436294555664062
85,118,121.53558,3.53558349609375,3.53558349609375
86,89,110.478836,21.478836059570312,21.478836059570312
87,116,113.76346,-2.236541748046875,2.236541748046875
88,115,117.486725,2.486724853515625,2.486724853515625
89,125,117.72799,-7.272010803222656,7.272010803222656
90,28,31.361097,3.3610973358154297,3.3610973358154297
91,38,24.341017,-13.65898323059082,13.65898323059082
92,20,23.30358,3.303579330444336,3.303579330444336
93,85,36.92914,-48.07086181640625,48.07086181640625
94,55,74.93924,19.939239501953125,19.939239501953125
95,125,102.042725,-22.957275390625,22.957275390625
96,125,92.88612,-32.11387634277344,32.11387634277344
97,82,97.67536,15.675361633300781,15.675361633300781
98,59,60.60158,1.6015815734863281,1.6015815734863281
99,117,116.86795,-0.132049560546875,0.132049560546875
100,20,19.20226,-0.7977409362792969,0.7977409362792969
