model_label,model_key,representation,loss_type,seed,rmse,mae,nasa_score,mean_error,median_error,std_error,underpredict_rate,overpredict_rate,n_test_samples,git_commit,timestamp
GRU + MSE,gru,Sequential,MSELoss,42,15.71946938854745,11.431159210205077,361.660398834117,-1.3088785362243653,0.4526228904724121,15.664882854170711,0.49,0.51,100,131d04e5d904219f42292b542f718ac5ed9e8a7a,2026-10-03T12:37:36.942302+00:00
GRU + MSE,gru,Sequential,MSELoss,43,14.04027687642332,10.221985955238342,334.0182849419739,2.051396632194519,2.264240264892578,13.889605704412505,0.37,0.63,100,131d04e5d904219f42292b542f718ac5ed9e8a7a,2026-10-03T12:37:36.942302+00:00
GRU + MSE,gru,Sequential,MSELoss,44,15.557377459725416,11.609007992744445,525.5425502899493,3.7758293104171754,3.645236015319824,15.092220063428938,0.34,0.66,100,131d04e5d904219f42292b542f718ac5ed9e8a7a,2026-10-03T12:37:36.942302+00:00
LSTM + MSE,lstm_mse,Sequential,MSELoss,42,14.182762307702564,10.429220752716065,361.1832382634508,2.8109474754333497,3.5934457778930664,13.901414351322078,0.29,0.71,100,131d04e5d904219f42292b542f718ac5ed9e8a7a,2026-10-03T12:37:36.942302+00:00
LSTM + MSE,lstm_mse,Sequential,MSELoss,43,17.5862153404754,12.618891735076904,983.6038077162787,3.4269246292114257,3.5851821899414062,17.249091500345063,0.38,0.62,100,131d04e5d904219f42292b542f718ac5ed9e8a7a,2026-10-03T12:37:36.942302+00:00
LSTM + MSE,lstm_mse,Sequential,MSELoss,44,16.325943777522575,11.593289709091186,672.2938538482189,-0.20245205879211425,-1.5567512512207031,16.324688462286773,0.55,0.45,100,131d04e5d904219f42292b542f718ac5ed9e8a7a,2026-10-03T12:37:36.942302+00:00
Heteroscedastic LSTM + NLL,heteroscedastic_lstm,Sequential,Gaussian_NLL,42,16.645159645398483,12.976516933441163,635.9467194739901,4.968496417999267,6.426177978515625,15.8863269186156,0.35,0.65,100,131d04e5d904219f42292b542f718ac5ed9e8a7a,2026-10-03T12:37:36.942302+00:00
Heteroscedastic LSTM + NLL,heteroscedastic_lstm,Sequential,Gaussian_NLL,43,15.235547895017843,11.994762783050538,402.9410337248503,1.4886235237121581,2.469371795654297,15.162648834093382,0.43,0.57,100,131d04e5d904219f42292b542f718ac5ed9e8a7a,2026-10-03T12:37:36.942302+00:00
Heteroscedastic LSTM + NLL,heteroscedastic_lstm,Sequential,Gaussian_NLL,44,14.855867808049716,10.62998706817627,387.1735861010077,1.7495447731018066,1.0961380004882812,14.75248797380157,0.46,0.54,100,131d04e5d904219f42292b542f718ac5ed9e8a7a,2026-10-03T12:37:36.942302+00:00
Random Forest (Contextual),random_forest,Tabular,MSE,42,18.088038385366573,13.457834365116476,895.7548803696244,5.170105619360934,4.137235425412888,17.333411104429132,0.35,0.65,100,131d04e5d904219f42292b542f718ac5ed9e8a7a,2026-10-03T12:37:36.942302+00:00
Random Forest (Contextual),random_forest,Tabular,MSE,43,18.112250711338945,13.408495961418467,868.7024333237008,4.729718137559326,3.88480357968343,17.483803709995158,0.39,0.61,100,131d04e5d904219f42292b542f718ac5ed9e8a7a,2026-10-03T12:37:36.942302+00:00
Random Forest (Contextual),random_forest,Tabular,MSE,44,18.176843089812024,13.516425633259457,881.9330209732899,4.915806268400229,4.083367054618584,17.499499234069646,0.36,0.64,100,131d04e5d904219f42292b542f718ac5ed9e8a7a,2026-10-03T12:37:36.942302+00:00
XGBoost (Contextual),xgboost,Tabular,SquaredError,42,16.996668737956252,12.317043013572693,768.8490385566834,4.425106072425843,2.780141830444336,16.410520541274714,0.41,0.59,100,131d04e5d904219f42292b542f718ac5ed9e8a7a,2026-10-03T12:37:36.942302+00:00
XGBoost (Contextual),xgboost,Tabular,SquaredError,43,16.996668737956252,12.317043013572693,768.8490385566834,4.425106072425843,2.780141830444336,16.410520541274714,0.41,0.59,100,131d04e5d904219f42292b542f718ac5ed9e8a7a,2026-10-03T12:37:36.942302+00:00
XGBoost (Contextual),xgboost,Tabular,SquaredError,44,16.996668737956252,12.317043013572693,768.8490385566834,4.425106072425843,2.780141830444336,16.410520541274714,0.41,0.59,100,131d04e5d904219f42292b542f718ac5ed9e8a7a,2026-10-03T12:37:36.942302+00:00
