model_key,regime,sample_count,rmse,mae,nasa_score,mean_error,median_error
gru,Low (RUL <= 40),28,4.935190389096557,3.8270327704293385,13.29459879160733,0.986496993473598,1.9379396438598633
gru,Medium (40 < RUL <= 80),17,15.688346383337418,12.570884031407973,66.48682092119837,4.131634207332835,1.6015815734863281
gru,High (RUL > 80),55,18.99477883317201,14.950072271173651,281.87897912131126,-4.159046381170099,-3.204925537109375
lstm_mse,Low (RUL <= 40),28,7.913053417938529,6.839172158922468,31.078615594274275,5.63152197429112,6.151027202606201
lstm_mse,Medium (40 < RUL <= 80),17,17.792096009345894,12.40290428610409,153.14566287871924,10.187632392434512,3.6594886779785156
lstm_mse,High (RUL > 80),55,15.362479379506185,11.646834217418323,176.95895979045727,-0.905047607421875,0.6967926025390625
heteroscedastic_lstm,Low (RUL <= 40),28,12.388582756806578,10.161711965288434,77.8058699007313,8.836179869515556,8.231096744537354
heteroscedastic_lstm,Medium (40 < RUL <= 80),17,23.8725951393148,19.08903918546789,359.10709850410944,15.920215718886432,16.31280517578125
heteroscedastic_lstm,High (RUL > 80),55,15.79439766511101,12.52018349387429,199.03375106914936,-0.3855829412286932,-0.37835693359375
random_forest,Low (RUL <= 40),28,14.047877926905356,9.191004649745812,139.58278475456535,6.471513907254518,3.4600224484945343
random_forest,Medium (40 < RUL <= 80),17,25.278323780383708,19.409526976304534,505.2797782422859,16.654986817895466,11.57972222222223
random_forest,High (RUL > 80),55,17.230639032411986,13.790424504028865,250.8923173727733,0.957698120522616,4.117436234370103
xgboost,Low (RUL <= 40),28,12.087548096627167,8.242646268435887,83.48133125281537,5.3820677655083795,2.780141830444336
xgboost,Medium (40 < RUL <= 80),17,24.103171672780768,18.187769721536075,449.9339950667014,13.899826498592601,11.325736999511719
xgboost,High (RUL > 80),55,16.471053864512538,12.576693101362748,235.43371223716647,1.0093756242231888,0.01610565185546875
