engine_id,actual_rul,gru_pred,gru_error,lstm_mse_pred,lstm_mse_error,heteroscedastic_lstm_pred,heteroscedastic_lstm_error,heteroscedastic_lstm_std,random_forest_pred,random_forest_error,xgboost_pred,xgboost_error
1,112.0,104.45724487304688,-7.542755126953125,117.96241760253906,5.9624176025390625,115.95454406738281,3.9545440673828125,20.08553695678711,121.52395252219418,9.523952522194179,120.28365325927734,8.283653259277344
2,98.0,115.79351043701172,17.79351043701172,117.76569366455078,19.76569366455078,113.2396469116211,15.239646911621094,20.08553695678711,117.71991752062357,19.719917520623568,116.92012786865234,18.920127868652344
3,69.0,40.393760681152344,-28.606239318847656,57.225494384765625,-11.774505615234375,68.73745727539062,-0.262542724609375,20.08553695678711,51.77218246304677,-17.227817536953232,53.867897033691406,-15.132102966308594
4,82.0,82.95369720458984,0.9536972045898438,107.55941009521484,25.559410095214844,101.95369720458984,19.953697204589844,20.08553695678711,102.94082688412098,20.94082688412098,96.61905670166016,14.619056701660156
5,91.0,91.846435546875,0.846435546875,106.43807983398438,15.438079833984375,105.39939880371094,14.399398803710938,20.08553695678711,110.38950376691736,19.389503766917358,117.04529571533203,26.04529571533203
6,93.0,108.94510650634766,15.945106506347656,110.41600036621094,17.416000366210938,113.42884063720703,20.42884063720703,20.08553695678711,113.6086546816938,20.608654681693807,118.75312042236328,25.75312042236328
7,91.0,108.26797485351562,17.267974853515625,103.02595520019531,12.025955200195312,109.01423645019531,18.014236450195312,20.08553695678711,100.02928393996959,9.029283939969588,103.9446792602539,12.944679260253906
8,95.0,82.54692840576172,-12.453071594238281,111.66319274902344,16.663192749023438,96.9611587524414,1.9611587524414062,20.08553695678711,113.36833141415887,18.368331414158874,107.23184967041016,12.231849670410156
9,111.0,114.19236755371094,3.1923675537109375,107.69268798828125,-3.30731201171875,113.6889419555664,2.6889419555664062,20.08553695678711,117.16644019171495,6.166440191714955,120.99958801269531,9.999588012695312
10,96.0,84.35018920898438,-11.649810791015625,93.70787048339844,-2.2921295166015625,70.92150115966797,-25.07849884033203,20.08553695678711,111.52096067898292,15.520960678982917,95.33470916748047,-0.6652908325195312
11,97.0,57.52025604248047,-39.47974395751953,76.10118865966797,-20.89881134033203,78.67103576660156,-18.328964233398438,20.08553695678711,75.93218705148372,-21.067812948516277,87.43633270263672,-9.563667297363281
12,124.0,101.58541870117188,-22.414581298828125,92.38595581054688,-31.614044189453125,88.00469207763672,-35.99530792236328,20.08553695678711,82.95362895265303,-41.046371047346966,85.72834014892578,-38.27165985107422
13,95.0,85.4244384765625,-9.5755615234375,102.45658874511719,7.4565887451171875,104.18058013916016,9.180580139160156,20.08553695678711,100.26832667429622,5.268326674296219,101.79524993896484,6.795249938964844
14,107.0,98.94969940185547,-8.050300598144531,105.97438049316406,-1.0256195068359375,106.62164306640625,-0.37835693359375,20.08553695678711,96.06706028906497,-10.932939710935031,108.09773254394531,1.0977325439453125
15,83.0,117.0948257446289,34.094825744628906,109.44157409667969,26.441574096679688,114.8531265258789,31.853126525878906,20.08553695678711,114.87425788726642,31.874257887266424,112.34483337402344,29.344833374023438
16,84.0,111.4259033203125,27.4259033203125,108.72926330566406,24.729263305664062,113.32749938964844,29.327499389648438,20.08553695678711,109.11628449072197,25.116284490721966,110.41683197021484,26.416831970214844
17,50.0,50.6440315246582,0.6440315246582031,53.181880950927734,3.1818809509277344,50.892555236816406,0.8925552368164062,20.08553695678711,58.283882858268136,8.283882858268136,50.252723693847656,0.25272369384765625
18,28.0,33.71662521362305,5.716625213623047,34.22043228149414,6.220432281494141,56.187889099121094,28.187889099121094,20.08553695678711,61.603401257593994,33.603401257593994,41.951934814453125,13.951934814453125
19,87.0,83.99795532226562,-3.002044677734375,86.54918670654297,-0.45081329345703125,107.16607666015625,20.16607666015625,20.08553695678711,116.03309358282132,29.033093582821323,117.12870788574219,30.128707885742188
20,16.0,16.41861343383789,0.4186134338378906,22.19370460510254,6.193704605102539,26.00890350341797,10.008903503417969,10.376789093017578,20.15703461645567,4.157034616455672,12.509132385253906,-3.4908676147460938
21,57.0,74.3499526977539,17.349952697753906,74.83570861816406,17.835708618164062,76.22447967529297,19.22447967529297,20.08553695678711,68.57972222222223,11.57972222222223,68.32573699951172,11.325736999511719
22,111.0,116.64871215820312,5.648712158203125,119.3004150390625,8.3004150390625,113.67757415771484,2.6775741577148438,20.08553695678711,119.85344774636422,8.853447746364225,118.57374572753906,7.5737457275390625
23,113.0,118.42356872558594,5.4235687255859375,120.00575256347656,7.0057525634765625,115.90092468261719,2.9009246826171875,20.08553695678711,122.8652376928449,9.8652376928449,123.61640167236328,10.616401672363281
24,20.0,19.93225860595703,-0.06774139404296875,21.445308685302734,1.4453086853027344,17.088972091674805,-2.9110279083251953,7.413547039031982,20.95,0.9499999999999993,20.351268768310547,0.3512687683105469
25,125.0,104.22006225585938,-20.779937744140625,118.43146514892578,-6.568534851074219,114.96729278564453,-10.032707214355469,20.08553695678711,117.33303686733824,-7.666963132661763,115.20635223388672,-9.793647766113281
26,119.0,116.39788818359375,-2.60211181640625,107.82737731933594,-11.172622680664062,116.0388412475586,-2.9611587524414062,20.08553695678711,115.24932132996311,-3.7506786700368906,115.21835327148438,-3.781646728515625
27,66.0,79.03190612792969,13.031906127929688,107.43351745605469,41.43351745605469,112.39179992675781,46.39179992675781,20.08553695678711,107.59403242669401,41.594032426694014,110.40779113769531,44.40779113769531
28,97.0,120.21116638183594,23.211166381835938,113.11891174316406,16.118911743164062,109.88343811035156,12.883438110351562,20.08553695678711,100.93341646324453,3.9334164632445265,100.1395492553711,3.1395492553710938
29,90.0,77.80935668945312,-12.190643310546875,91.01204681396484,1.0120468139648438,97.80742645263672,7.807426452636719,20.08553695678711,95.72825351603687,5.728253516036872,96.75347900390625,6.75347900390625
30,115.0,112.2177734375,-2.7822265625,87.1976089477539,-27.802391052246094,101.21051788330078,-13.789482116699219,20.08553695678711,103.63858581604808,-11.361414183951922,106.08477020263672,-8.915229797363281
31,8.0,10.94473648071289,2.9447364807128906,18.0373592376709,10.037359237670898,19.1257266998291,11.125726699829102,7.593664169311523,11.191914069264069,3.191914069264069,10.793676376342773,2.7936763763427734
32,48.0,47.40156173706055,-0.5984382629394531,56.574913024902344,8.574913024902344,57.10295867919922,9.102958679199219,20.08553695678711,51.16423168786468,3.164231687864678,50.268619537353516,2.2686195373535156
33,106.0,120.20430755615234,14.204307556152344,112.71928405761719,6.7192840576171875,110.67355346679688,4.673553466796875,20.08553695678711,114.46940324965641,8.46940324965641,113.9129409790039,7.912940979003906
34,7.0,6.234941005706787,-0.7650589942932129,13.108349800109863,6.108349800109863,15.448073387145996,8.448073387145996,6.694053649902344,4.66752562731011,-2.33247437268989,5.25524377822876,-1.7447562217712402
35,11.0,5.1496806144714355,-5.8503193855285645,13.498181343078613,2.4981813430786133,13.417733192443848,2.4177331924438477,6.172357082366943,8.640176132135785,-2.3598238678642147,8.243721961975098,-2.7562780380249023
36,19.0,21.13735008239746,2.137350082397461,25.024564743041992,6.024564743041992,25.791515350341797,6.791515350341797,10.458001136779785,20.75778067765568,1.7577806776556812,23.543373107910156,4.543373107910156
37,21.0,27.49431610107422,6.494316101074219,30.341514587402344,9.341514587402344,44.11146545410156,23.111465454101562,20.08553695678711,62.550179777466546,41.550179777466546,57.377960205078125,36.377960205078125
38,50.0,55.22021484375,5.22021484375,51.722721099853516,1.7227210998535156,71.03137969970703,21.03137969970703,20.08553695678711,50.44154532109429,0.44154532109428857,45.34187698364258,-4.658123016357422
39,125.0,121.79507446289062,-3.204925537109375,120.88568115234375,-4.11431884765625,116.10340118408203,-8.896598815917969,20.08553695678711,120.80337022261024,-4.196629777389759,121.37249755859375,-3.62750244140625
40,28.0,30.34645652770996,2.346456527709961,34.967342376708984,6.967342376708984,29.070470809936523,1.0704708099365234,12.407377243041992,37.35222795619129,9.352227956191292,33.5213623046875,5.5213623046875
41,18.0,21.224288940429688,3.2242889404296875,30.45775604248047,12.457756042480469,40.76753616333008,22.767536163330078,20.08553695678711,48.247567263460176,30.247567263460176,43.434444427490234,25.434444427490234
42,10.0,10.567066192626953,0.5670661926269531,11.670127868652344,1.6701278686523438,16.24473762512207,6.24473762512207,8.025612831115723,17.390795905244183,7.3907959052441825,19.20292091369629,9.202920913696289
43,59.0,48.548744201660156,-10.451255798339844,68.87905883789062,9.879058837890625,72.59068298339844,13.590682983398438,20.08553695678711,97.06032974692116,38.060329746921155,87.52020263671875,28.52020263671875
44,109.0,101.32605743408203,-7.673942565917969,109.69679260253906,0.6967926025390625,113.67086029052734,4.670860290527344,20.08553695678711,113.1174362343701,4.117436234370103,106.66667938232422,-2.3333206176757812
45,114.0,73.46572875976562,-40.534271240234375,70.30381774902344,-43.69618225097656,78.68006134033203,-35.31993865966797,20.08553695678711,71.81957872368056,-42.180421276319436,76.32715606689453,-37.67284393310547
46,47.0,38.422454833984375,-8.577545166015625,39.94469451904297,-7.055305480957031,30.066450119018555,-16.933549880981445,20.08553695678711,40.81422619047619,-6.185773809523809,39.3829460144043,-7.617053985595703
47,125.0,85.48358154296875,-39.51641845703125,99.89027404785156,-25.109725952148438,110.81163787841797,-14.188362121582031,20.08553695678711,105.04426925990958,-19.955730740090416,105.22581481933594,-19.774185180664062
48,92.0,114.03025817871094,22.030258178710938,103.32270812988281,11.322708129882812,111.09928131103516,19.099281311035156,20.08553695678711,115.25191761863302,23.251917618633016,112.02361297607422,20.02361297607422
49,21.0,17.808095932006836,-3.191904067993164,18.168249130249023,-2.8317508697509766,21.194087982177734,0.19408798217773438,8.660467147827148,24.51437891019808,3.5143789101980794,21.575159072875977,0.5751590728759766
50,79.0,74.68238067626953,-4.317619323730469,81.20508575439453,2.2050857543945312,113.1451187133789,34.145118713378906,20.08553695678711,108.98779922981008,29.98779922981008,104.2367172241211,25.236717224121094
51,114.0,104.79431915283203,-9.205680847167969,109.93710327148438,-4.062896728515625,107.41802215576172,-6.581977844238281,20.08553695678711,112.76913365945036,-1.230866340549639,114.01610565185547,0.01610565185546875
52,29.0,30.59160614013672,1.5916061401367188,38.609867095947266,9.609867095947266,43.33056640625,14.33056640625,20.08553695678711,35.40076923076923,6.400769230769228,35.14816665649414,6.148166656494141
53,26.0,30.383785247802734,4.383785247802734,41.17506790161133,15.175067901611328,32.69821548461914,6.698215484619141,20.08553695678711,38.39032608695652,12.39032608695652,36.39683151245117,10.396831512451172
54,97.0,117.92628479003906,20.926284790039062,119.53425598144531,22.534255981445312,111.3758316040039,14.375831604003906,20.08553695678711,122.01750662948074,25.017506629480735,121.49542236328125,24.49542236328125
55,125.0,108.37168884277344,-16.628311157226562,112.88009643554688,-12.119903564453125,109.95433807373047,-15.045661926269531,20.08553695678711,112.16160893245153,-12.838391067548471,115.23583221435547,-9.764167785644531
56,15.0,18.357261657714844,3.3572616577148438,17.12989616394043,2.1298961639404297,23.01412010192871,8.014120101928711,9.253142356872559,12.827166273237637,-2.172833726762363,11.632636070251465,-3.367363929748535
57,103.0,108.9415283203125,5.9415283203125,104.55781555175781,1.5578155517578125,102.45938873291016,-0.5406112670898438,20.08553695678711,101.84578333994827,-1.1542166600517305,98.95757293701172,-4.042427062988281
58,37.0,45.8106575012207,8.810657501220703,51.4946403503418,14.494640350341797,64.45064544677734,27.450645446777344,20.08553695678711,49.67878786656452,12.67878786656452,49.33634567260742,12.336345672607422
59,114.0,97.12364196777344,-16.876358032226562,118.66598510742188,4.665985107421875,116.44701385498047,2.4470138549804688,20.08553695678711,122.50847917392517,8.508479173925167,120.45388793945312,6.453887939453125
60,100.0,87.32710266113281,-12.672897338867188,108.08547973632812,8.085479736328125,107.87667083740234,7.876670837402344,20.08553695678711,114.0574810283597,14.057481028359703,108.54815673828125,8.54815673828125
61,21.0,28.77850914001465,7.778509140014648,28.2392520904541,7.239252090454102,26.449153900146484,5.449153900146484,18.73908042907715,45.09490333834852,24.094903338348523,45.04924011230469,24.049240112304688
62,54.0,38.56110382080078,-15.438896179199219,54.26838684082031,0.2683868408203125,48.918296813964844,-5.081703186035156,20.08553695678711,55.094792299032235,1.0947922990322354,52.29767608642578,-1.7023239135742188
63,72.0,90.02715301513672,18.02715301513672,74.71063232421875,2.71063232421875,88.31280517578125,16.31280517578125,20.08553695678711,72.63082041185206,0.6308204118520564,64.6620864868164,-7.337913513183594
64,28.0,22.039583206176758,-5.960416793823242,37.9228630065918,9.922863006591797,36.91877365112305,8.918773651123047,20.08553695678711,36.51801144636121,8.518011446361207,40.886837005615234,12.886837005615234
65,125.0,120.66033172607422,-4.339668273925781,120.78526306152344,-4.2147369384765625,116.01597595214844,-8.984024047851562,20.08553695678711,123.81583713156715,-1.1841628684328498,122.91091918945312,-2.089080810546875
66,14.0,20.045827865600586,6.045827865600586,19.671064376831055,5.671064376831055,21.552824020385742,7.552824020385742,8.71363353729248,17.087,3.0869999999999997,16.7666072845459,2.7666072845458984
67,77.0,103.4830322265625,26.4830322265625,109.19868469238281,32.19868469238281,113.15756225585938,36.157562255859375,20.08553695678711,102.72041757515234,25.72041757515234,110.58383178710938,33.583831787109375
68,8.0,9.738529205322266,1.7385292053222656,15.759783744812012,7.759783744812012,19.936010360717773,11.936010360717773,7.814131259918213,11.40566598679099,3.4056659867909893,10.694771766662598,2.6947717666625977
69,121.0,115.861572265625,-5.138427734375,118.71420288085938,-2.285797119140625,112.04068756103516,-8.959312438964844,20.08553695678711,111.09463354805092,-9.905366451949078,113.56867218017578,-7.431327819824219
70,94.0,97.49691009521484,3.4969100952148438,94.266357421875,0.266357421875,107.0149917602539,13.014991760253906,20.08553695678711,110.03783365270512,16.037833652705118,112.97604370117188,18.976043701171875
71,118.0,105.20050048828125,-12.79949951171875,109.50587463378906,-8.494125366210938,110.82544708251953,-7.174552917480469,20.08553695678711,101.26380375542256,-16.736196244577442,111.58554077148438,-6.414459228515625
72,50.0,59.846946716308594,9.846946716308594,89.14855194091797,39.14855194091797,66.07279968261719,16.072799682617188,20.08553695678711,81.32680082533746,31.326800825337457,78.89966583251953,28.89966583251953
73,125.0,93.67852020263672,-31.32147979736328,112.05844116210938,-12.941558837890625,115.08592987060547,-9.914070129394531,20.08553695678711,109.0489556785771,-15.951044321422899,111.20925903320312,-13.790740966796875
74,125.0,91.69026947021484,-33.309730529785156,107.50337219238281,-17.496627807617188,100.98578643798828,-24.01421356201172,20.08553695678711,113.45862662991819,-11.541373370081814,110.21251678466797,-14.787483215332031
75,113.0,93.04072570800781,-19.959274291992188,101.6046371459961,-11.395362854003906,111.37641906738281,-1.6235809326171875,20.08553695678711,111.44728748162049,-1.5527125183795079,100.50936889648438,-12.490631103515625
76,10.0,8.760749816894531,-1.2392501831054688,12.27745532989502,2.2774553298950195,16.60761833190918,6.60761833190918,6.886501789093018,9.611662831821887,-0.38833716817811315,7.096235275268555,-2.9037647247314453
77,34.0,25.763914108276367,-8.236085891723633,40.095069885253906,6.095069885253906,44.393131256103516,10.393131256103516,20.08553695678711,43.24931964228559,9.249319642285592,51.035186767578125,17.035186767578125
78,107.0,122.61460876464844,15.614608764648438,121.21995544433594,14.219955444335938,116.66949462890625,9.66949462890625,20.08553695678711,124.70592554671285,17.705925546712848,124.62018585205078,17.62018585205078
79,63.0,92.82734680175781,29.827346801757812,79.12437438964844,16.124374389648438,113.35267639160156,50.35267639160156,20.08553695678711,120.53668386914147,57.53668386914147,119.06267547607422,56.06267547607422
80,90.0,109.55953979492188,19.559539794921875,90.99930572509766,0.9993057250976562,105.39810180664062,15.398101806640625,20.08553695678711,69.91082800553995,-20.089171994460045,87.24834442138672,-2.7516555786132812
81,8.0,10.682477951049805,2.6824779510498047,11.527402877807617,3.527402877807617,16.803176879882812,8.803176879882812,6.956974506378174,6.065768902878879,-1.9342310971211214,8.180830955505371,0.1808309555053711
82,9.0,9.486632347106934,0.4866323471069336,18.231945037841797,9.231945037841797,20.43584442138672,11.435844421386719,8.51406192779541,12.515195766398351,3.5151957663983513,12.499078750610352,3.4990787506103516
83,125.0,117.98552703857422,-7.014472961425781,116.26368713378906,-8.736312866210938,114.45719909667969,-10.542800903320312,20.08553695678711,114.92530130891923,-10.07469869108077,114.97892761230469,-10.021072387695312
84,58.0,54.256370544433594,-3.7436294555664062,60.44661331176758,2.446613311767578,74.99303436279297,16.99303436279297,20.08553695678711,79.4896841583457,21.489684158345696,69.60301208496094,11.603012084960938
85,118.0,121.53558349609375,3.53558349609375,119.67401123046875,1.67401123046875,113.73603057861328,-4.263969421386719,20.08553695678711,107.03444818669107,-10.965551813308934,108.76654815673828,-9.233451843261719
86,89.0,110.47883605957031,21.478836059570312,94.75421142578125,5.75421142578125,79.43017578125,-9.56982421875,20.08553695678711,98.32729767785422,9.327297677854219,97.710205078125,8.710205078125
87,116.0,113.76345825195312,-2.236541748046875,118.08125305175781,2.0812530517578125,116.04986572265625,0.04986572265625,20.08553695678711,120.32398482864552,4.323984828645521,115.98939514160156,-0.0106048583984375
88,115.0,117.48672485351562,2.486724853515625,115.21408081054688,0.214080810546875,110.82304382324219,-4.1769561767578125,20.08553695678711,115.34752641703616,0.34752641703616405,114.90425109863281,-0.0957489013671875
89,125.0,117.72798919677734,-7.272010803222656,110.67521667480469,-14.324783325195312,106.04656982421875,-18.95343017578125,20.08553695678711,111.2307458549122,-13.7692541450878,109.42495727539062,-15.575042724609375
90,28.0,31.36109733581543,3.3610973358154297,35.469322204589844,7.469322204589844,38.592037200927734,10.592037200927734,20.08553695678711,21.834852300694408,-6.165147699305592,23.237512588500977,-4.762487411499023
91,38.0,24.34101676940918,-13.65898323059082,23.92464828491211,-14.07535171508789,26.435911178588867,-11.564088821411133,10.99737548828125,18.702676313628903,-19.297323686371097,19.23955726623535,-18.76044273376465
92,20.0,23.303579330444336,3.303579330444336,24.039813995361328,4.039813995361328,27.420228958129883,7.420228958129883,11.414434432983398,16.577301223414267,-3.422698776585733,17.78611946105957,-2.2138805389404297
93,85.0,36.92913818359375,-48.07086181640625,52.24774169921875,-32.75225830078125,47.076881408691406,-37.923118591308594,20.08553695678711,38.234623254193046,-46.765376745806954,35.991451263427734,-49.008548736572266
94,55.0,74.93923950195312,19.939239501953125,65.62994384765625,10.62994384765625,72.3108139038086,17.310813903808594,20.08553695678711,63.19621466426052,8.196214664260523,59.1854133605957,4.185413360595703
95,125.0,102.042724609375,-22.957275390625,95.48213195800781,-29.517868041992188,114.25312805175781,-10.746871948242188,20.08553695678711,109.55435191759412,-15.445648082405881,100.32142639160156,-24.678573608398438
96,125.0,92.88612365722656,-32.11387634277344,116.21798706054688,-8.782012939453125,116.12511444091797,-8.874885559082031,20.08553695678711,123.46301725597043,-1.5369827440295722,123.48278045654297,-1.5172195434570312
97,82.0,97.67536163330078,15.675361633300781,88.68791198730469,6.6879119873046875,110.98873901367188,28.988739013671875,20.08553695678711,93.22906637806638,11.229066378066378,85.62089538574219,3.6208953857421875
98,59.0,60.60158157348633,1.6015815734863281,62.659488677978516,3.6594886779785156,54.342796325683594,-4.657203674316406,20.08553695678711,86.44140995470363,27.44140995470363,85.39817810058594,26.398178100585938
99,117.0,116.86795043945312,-0.132049560546875,121.02442169189453,4.024421691894531,114.9506607055664,-2.0493392944335938,20.08553695678711,121.23932408574767,4.239324085747668,123.57553100585938,6.575531005859375
100,20.0,19.202259063720703,-0.7977409362792969,20.981632232666016,0.9816322326660156,15.917667388916016,-4.082332611083984,7.248692989349365,20.22,0.21999999999999886,19.95174217224121,-0.04825782775878906
