engine_id,actual_rul,predicted_mu,error,abs_error,predicted_log_var,predicted_std
1,112,115.954544,3.9545440673828125,3.9545440673828125,6.0,20.085537
2,98,113.23965,15.239646911621094,15.239646911621094,6.0,20.085537
3,69,68.73746,-0.262542724609375,0.262542724609375,6.0,20.085537
4,82,101.9537,19.953697204589844,19.953697204589844,6.0,20.085537
5,91,105.3994,14.399398803710938,14.399398803710938,6.0,20.085537
6,93,113.42884,20.42884063720703,20.42884063720703,6.0,20.085537
7,91,109.01424,18.014236450195312,18.014236450195312,6.0,20.085537
8,95,96.96116,1.9611587524414062,1.9611587524414062,6.0,20.085537
9,111,113.68894,2.6889419555664062,2.6889419555664062,6.0,20.085537
10,96,70.9215,-25.07849884033203,25.07849884033203,6.0,20.085537
11,97,78.671036,-18.328964233398438,18.328964233398438,6.0,20.085537
12,124,88.00469,-35.99530792236328,35.99530792236328,6.0,20.085537
13,95,104.18058,9.180580139160156,9.180580139160156,6.0,20.085537
14,107,106.62164,-0.37835693359375,0.37835693359375,6.0,20.085537
15,83,114.85313,31.853126525878906,31.853126525878906,6.0,20.085537
16,84,113.3275,29.327499389648438,29.327499389648438,6.0,20.085537
17,50,50.892555,0.8925552368164062,0.8925552368164062,6.0,20.085537
18,28,56.18789,28.187889099121094,28.187889099121094,6.0,20.085537
19,87,107.16608,20.16607666015625,20.16607666015625,6.0,20.085537
20,16,26.008904,10.008903503417969,10.008903503417969,4.679143,10.376789
21,57,76.22448,19.22447967529297,19.22447967529297,6.0,20.085537
22,111,113.677574,2.6775741577148438,2.6775741577148438,6.0,20.085537
23,113,115.900925,2.9009246826171875,2.9009246826171875,6.0,20.085537
24,20,17.088972,-2.9110279083251953,2.9110279083251953,4.006618,7.413547
25,125,114.96729,-10.032707214355469,10.032707214355469,6.0,20.085537
26,119,116.03884,-2.9611587524414062,2.9611587524414062,6.0,20.085537
27,66,112.3918,46.39179992675781,46.39179992675781,6.0,20.085537
28,97,109.88344,12.883438110351562,12.883438110351562,6.0,20.085537
29,90,97.80743,7.807426452636719,7.807426452636719,6.0,20.085537
30,115,101.21052,-13.789482116699219,13.789482116699219,6.0,20.085537
31,8,19.125727,11.125726699829102,11.125726699829102,4.0546284,7.593664
32,48,57.10296,9.102958679199219,9.102958679199219,6.0,20.085537
33,106,110.67355,4.673553466796875,4.673553466796875,6.0,20.085537
34,7,15.448073,8.448073387145996,8.448073387145996,3.8024392,6.6940536
35,11,13.417733,2.4177331924438477,2.4177331924438477,3.6401618,6.172357
36,19,25.791515,6.791515350341797,6.791515350341797,4.6947346,10.458001
37,21,44.111465,23.111465454101562,23.111465454101562,6.0,20.085537
38,50,71.03138,21.03137969970703,21.03137969970703,6.0,20.085537
39,125,116.1034,-8.896598815917969,8.896598815917969,6.0,20.085537
40,28,29.07047,1.0704708099365234,1.0704708099365234,5.0365825,12.407377
41,18,40.767536,22.767536163330078,22.767536163330078,6.0,20.085537
42,10,16.244738,6.24473762512207,6.24473762512207,4.165276,8.025613
43,59,72.59068,13.590682983398438,13.590682983398438,6.0,20.085537
44,109,113.67086,4.670860290527344,4.670860290527344,6.0,20.085537
45,114,78.68006,-35.31993865966797,35.31993865966797,6.0,20.085537
46,47,30.06645,-16.933549880981445,16.933549880981445,6.0,20.085537
47,125,110.81164,-14.188362121582031,14.188362121582031,6.0,20.085537
48,92,111.09928,19.099281311035156,19.099281311035156,6.0,20.085537
49,21,21.194088,0.19408798217773438,0.19408798217773438,4.3175373,8.660467
50,79,113.14512,34.145118713378906,34.145118713378906,6.0,20.085537
51,114,107.41802,-6.581977844238281,6.581977844238281,6.0,20.085537
52,29,43.330566,14.33056640625,14.33056640625,6.0,20.085537
53,26,32.698215,6.698215484619141,6.698215484619141,6.0,20.085537
54,97,111.37583,14.375831604003906,14.375831604003906,6.0,20.085537
55,125,109.95434,-15.045661926269531,15.045661926269531,6.0,20.085537
56,15,23.01412,8.014120101928711,8.014120101928711,4.4499264,9.253142
57,103,102.45939,-0.5406112670898438,0.5406112670898438,6.0,20.085537
58,37,64.450645,27.450645446777344,27.450645446777344,6.0,20.085537
59,114,116.447014,2.4470138549804688,2.4470138549804688,6.0,20.085537
60,100,107.87667,7.876670837402344,7.876670837402344,6.0,20.085537
61,21,26.449154,5.449153900146484,5.449153900146484,5.8612223,18.73908
62,54,48.918297,-5.081703186035156,5.081703186035156,6.0,20.085537
63,72,88.312805,16.31280517578125,16.31280517578125,6.0,20.085537
64,28,36.918774,8.918773651123047,8.918773651123047,6.0,20.085537
65,125,116.015976,-8.984024047851562,8.984024047851562,6.0,20.085537
66,14,21.552824,7.552824020385742,7.552824020385742,4.3297777,8.713634
67,77,113.15756,36.157562255859375,36.157562255859375,6.0,20.085537
68,8,19.93601,11.936010360717773,11.936010360717773,4.1118674,7.8141313
69,121,112.04069,-8.959312438964844,8.959312438964844,6.0,20.085537
70,94,107.01499,13.014991760253906,13.014991760253906,6.0,20.085537
71,118,110.82545,-7.174552917480469,7.174552917480469,6.0,20.085537
72,50,66.0728,16.072799682617188,16.072799682617188,6.0,20.085537
73,125,115.08593,-9.914070129394531,9.914070129394531,6.0,20.085537
74,125,100.98579,-24.01421356201172,24.01421356201172,6.0,20.085537
75,113,111.37642,-1.6235809326171875,1.6235809326171875,6.0,20.085537
76,10,16.607618,6.60761833190918,6.60761833190918,3.8591266,6.886502
77,34,44.39313,10.393131256103516,10.393131256103516,6.0,20.085537
78,107,116.669495,9.66949462890625,9.66949462890625,6.0,20.085537
79,63,113.35268,50.35267639160156,50.35267639160156,6.0,20.085537
80,90,105.3981,15.398101806640625,15.398101806640625,6.0,20.085537
81,8,16.803177,8.803176879882812,8.803176879882812,3.8794892,6.9569745
82,9,20.435844,11.435844421386719,11.435844421386719,4.283438,8.514062
83,125,114.4572,-10.542800903320312,10.542800903320312,6.0,20.085537
84,58,74.993034,16.99303436279297,16.99303436279297,6.0,20.085537
85,118,113.73603,-4.263969421386719,4.263969421386719,6.0,20.085537
86,89,79.430176,-9.56982421875,9.56982421875,6.0,20.085537
87,116,116.049866,0.04986572265625,0.04986572265625,6.0,20.085537
88,115,110.823044,-4.1769561767578125,4.1769561767578125,6.0,20.085537
89,125,106.04657,-18.95343017578125,18.95343017578125,6.0,20.085537
90,28,38.592037,10.592037200927734,10.592037200927734,6.0,20.085537
91,38,26.435911,-11.564088821411133,11.564088821411133,4.7953134,10.9973755
92,20,27.420229,7.420228958129883,7.420228958129883,4.8697577,11.414434
93,85,47.07688,-37.923118591308594,37.923118591308594,6.0,20.085537
94,55,72.310814,17.310813903808594,17.310813903808594,6.0,20.085537
95,125,114.25313,-10.746871948242188,10.746871948242188,6.0,20.085537
96,125,116.125114,-8.874885559082031,8.874885559082031,6.0,20.085537
97,82,110.98874,28.988739013671875,28.988739013671875,6.0,20.085537
98,59,54.342796,-4.657203674316406,4.657203674316406,6.0,20.085537
99,117,114.95066,-2.0493392944335938,2.0493392944335938,6.0,20.085537
100,20,15.917667,-4.082332611083984,4.082332611083984,3.9616425,7.248693
