claim_id,claim_topic,literature_claim_statement,bibtex_key,source_title,exact_citation_location,evidence_type,evidence_strength,notes_and_context
CLM-LIT-01,Digital Twin + PdM is established,Digital Twin technology is an established paradigm for predictive maintenance and condition monitoring across Industry 4.0 and civil infrastructure.,huang2021survey,A Survey on AI-Driven Digital Twins in Industry 4.0: Smart Manufacturing and Advanced Robotics,"Sensors 2021, 21(19), pp. 2-5, Section 2",Comprehensive Survey,Very High,"Supported additionally by Hasan & Crawford (2025, Digital Twin), Pathri & Ganduri (2025), and Wei (2024 NTU thesis). Proves DT + PdM is not a novel concept."
CLM-LIT-02,RUL point prediction is mature,Point estimation of Remaining Useful Life using machine learning and deep learning is mature and heavily published.,saxena2008damage,Damage Propagation Modeling for Aircraft Engine Run-to-Failure Simulation,"IEEE PHM 2008, pp. 1-9",Empirical Benchmark / Standard Literature,Very High,C-MAPSS benchmark was formulated in 2008. Point prediction alone has zero novelty.
CLM-LIT-03,Digital Twin integrated with RUL prediction,Coupling a Digital Twin platform with machine learning RUL estimation has been demonstrated using laboratory battery degradation telemetry.,wu2026research,Research on Remaining Useful Life Prediction of Equipment Based on Digital Twins,"Sensors 2026, 26(4), 1240, Section 4.1",Peer-Reviewed Experimental Study,High,Wu et al. (2026) implement a Digital Twin maintenance-support platform for battery RUL prediction using CS2_35 battery lab data. Uncertainty limits are identified as future work.
CLM-LIT-04,Uncertainty-aware RUL prediction exists,Prognostic models generating prediction intervals or probabilistic distributions rather than deterministic point estimates are documented in reliability literature.,zhu2025predictive,Predictive Maintenance Strategies for Aero-Engines Considering Remaining Useful Life Prediction Interval,"Quality and Reliability Engineering International 2025, DOI: 10.1002/qre.70043",Peer-Reviewed Methodological Study,Very High,"Supported by Zhu et al. (2025) publisher abstract describing deep-learning/Monte Carlo dropout prediction intervals, Walia & Kumar (2026) quantile regression with CNN/GRU, and Chen et al. (2022)."
CLM-LIT-05,RUL uncertainty connected to maintenance decisions,Integrating RUL prediction intervals into predictive maintenance decisions and cost optimization models has been formulated in aero-engine and IIoT literature.,walia2026uncertainty,Uncertainty-aware remaining useful life prediction and PPO based optimal maintenance scheduling in industrial IoT,"Reliability Engineering & System Safety 2026, DOI: 10.1016/j.ress.2026.112356",Peer-Reviewed Optimization Study,Very High,"Walia & Kumar (2026) describe PPO reinforcement learning maintenance scheduling, Zhu et al. (2025) describe maintenance-cost optimization using prediction intervals, and Chen et al. (2022) consider uncertainty in predictive maintenance."
CLM-LIT-06,Conformal calibration applied to RUL prediction,Conformal prediction methods have been applied to neural networks and gradient boosting models on turbofan RUL benchmarks to provide prediction interval validity under exchangeability assumptions.,javanmardi2023conformal,Conformal Prediction Intervals for Remaining Useful Lifetime Estimation,"IJPHM 2023, 14(2), 3417; Diao et al. (Sensors 2026, 26(7), 2249); Robinson (IJPHM 2026, 17(1), 4724)",Peer-Reviewed Theoretical and Experimental Papers,Very High,"Javanmardi & Hüllermeier (2023), Diao et al. (2026), and Robinson (2026) applied conformal prediction to C-MAPSS, achieving prediction interval coverage subject to exchangeability assumptions."
CLM-LIT-07,Stage-wise and cross-condition interval analysis in turbofan prognostics,Life-stage analysis and cross-condition evaluation with labeled target adaptation have been demonstrated in turbofan prediction interval calibration.,diao2026turbofan,Turbofan Engine Remaining Useful Life Prediction with Reliable Prediction Intervals via LSTM-Based Quantile Regression and Conformal Calibration,"Sensors 2026, 26(7), 2249, Sections 3-4",Peer-Reviewed Experimental Study,High,"Diao et al. (2026) evaluate LSTM quantile regression with conformal calibration/CQR across C-MAPSS FD001 and FD002, conducting life-stage analysis and cross-condition evaluation with labeled target adaptation."
CLM-LIT-08,Operating-regime conditional reliability studied in rotating machinery,Operating-regime conditional-reliability diagnostics demonstrate that marginal calibration does not guarantee uniform conditional coverage across regime shifts in bearing testbeds.,yang2026empirical,Empirical Calibration and Conditional-Reliability Diagnostics for Bearing RUL Prediction under Operating-Regime Shift,"arXiv:2607.08273, Sections 7.3-7.4, Table 22",Preprint Experimental Study,Medium-High,"Yang et al. (2026) evaluate operating-regime conditional-reliability diagnostics on a ten-bearing PHME subset using empirical residual calibration and post-hoc regime-conditioned diagnostics, alongside retrospective maintenance-trigger comparisons."
CLM-LIT-09,Research gap on conditional calibration and maintenance decisions,"Prior work already includes conformal RUL prediction, life-stage and operating-regime diagnostics, and maintenance-related evaluation. IntelliTwin’s research gap is under reassessment following corrections to the closest-work comparison.",diao2026turbofan,Turbofan Engine Remaining Useful Life Prediction with Reliable Prediction Intervals via LSTM-Based Quantile Regression and Conformal Calibration,"Sensors 2026, 26(7), 2249; Yang et al. (arXiv:2607.08273); Yan (Zenodo 10.5281/zenodo.21330745)",Reassessment Synthesis Across Closest Works,Under Reassessment,"Evidence status: Under reassessment. Prior work already includes conformal RUL prediction, life-stage/operating-regime diagnostics, and maintenance evaluation. A possible next direction is a controlled replication and extension examining sequential decisions, information availability, and replacement conservatism; its originality is not yet established."
