study_identifier,citation_key,rul_point_prediction,predictive_uncertainty,formal_calibration,conformal_prediction,marginal_coverage_evaluated,degradation_stage_conditional_analysis,operating_regime_conditional_analysis,worst_group_reliability_evaluated,cross_condition_transfer_evaluated,maintenance_policy_modeled,maintenance_cost_evaluated,failure_late_intervention_analysis,premature_maintenance_wasted_life_analysis,explicit_measurement_calibration_failure_affects_decisions,cmapss_benchmark_used,digital_twin_component,peer_review_status,code_data_availability,critical_novelty_threat_and_limitations
Wu et al. (2026),wu2026research,"Yes (GA-Ensemble: RVM, RF, Elastic Net, AR, LSTM)",No (Future work),No,No,No,No,No,No,No,Yes (Digital Twin platform),Not verified in the current audit,No,No,No,No (CS2_35 battery laboratory data),Yes (Digital Twin maintenance-support platform),Peer-reviewed (Sensors),Data public; code private,"Evaluated on CS2_35 battery lab data. Combines RVM, Random Forest, Elastic Net, AR, and LSTM with GA optimization. Includes a Digital Twin maintenance platform. Uncertainty limits identified as future work."
Chen et al. (2022),chen2022data,Retained topic: predictive maintenance under uncertainty,Retained topic: predictive maintenance under uncertainty,Not verified in the current audit,No,Not verified in the current audit,Not verified in the current audit,Not verified in the current audit,No,Not verified in the current audit,Yes (Predictive maintenance strategy considering RUL uncertainty),Not verified in the current audit,Not verified in the current audit,Not verified in the current audit,No,Not verified in the current audit,No,Peer-reviewed (Neurocomputing),Data public; code private,Bibliographic identity verified. Topic: predictive maintenance considering RUL uncertainty. Full methodology remains unverified in this audit.
Zhu et al. (2025),zhu2025predictive,Deep-learning point prediction,Yes (Deep-learning/Monte Carlo dropout prediction intervals),Not verified in the current audit,No,Not verified in the current audit,Not verified in the current audit,Not verified in the current audit,No,No,Yes (Maintenance-cost optimization using aero-engine data),Yes (Maintenance-cost optimization modeled),Not verified in the current audit,Not verified in the current audit,No,Yes (C-MAPSS identified; exact subset unverified),No,Peer-reviewed (QREI),Data public; code private,Publisher abstract describes deep-learning/Monte Carlo dropout prediction intervals and maintenance-cost optimization using aero-engine data. Exact C-MAPSS subset and protocol remain unverified.
Diao et al. (2026),diao2026turbofan,Yes (LSTM quantile regression median),Yes (LSTM quantile regression with conformal calibration/CQR),Yes (Conformal calibration/CQR),Yes (CQR),Yes (Conformal calibration evaluated),Yes (Includes life-stage analysis),Yes (Cross-condition evaluation with labeled target adaptation),No,Yes (Labeled target adaptation/calibration),No (Positions work upstream of full prescriptive maintenance optimization),No,No,No,No,Yes (FD001 and FD002),No,Peer-reviewed (Sensors),Data public; code on request,Evaluated on C-MAPSS FD001 and FD002 using LSTM quantile regression with conformal calibration/CQR. Includes life-stage analysis and cross-condition evaluation with labeled target adaptation. Positions work upstream of full prescriptive maintenance optimization.
Walia & Kumar (2026),walia2026uncertainty,Yes (CNN/GRU regression),Yes (Quantile regression with CNN/GRU),Not verified in the current audit,No,Not verified in the current audit,Not verified in the current audit,Not verified in the current audit,No,No,Yes (PPO maintenance scheduling),Yes (PPO optimal maintenance scheduling),Not verified in the current audit,Not verified in the current audit,No,Yes (NASA turbofan engine data; exact subset unverified),Partial (Simulation environment for RL),Peer-reviewed (RESS),Data public; code private,Publisher abstract describes quantile regression with CNN/GRU and PPO maintenance scheduling using NASA turbofan engine data. Exact subset remains unverified.
Xu et al. (2026),xu2026novel,Not verified in the current audit,Not verified in the current audit,Not verified in the current audit,No,Not verified in the current audit,Not verified in the current audit,Not verified in the current audit,No,No,No,No,No,No,No,Not verified in the current audit,No,Peer-reviewed (RESS),Data public; code planned,"Bibliographic identity verified (RESS 2026, Vol 275, 112763). Full primary methodology remains unverified in this audit."
Yang et al. (2026),yang2026empirical,Yes (Predictive-representation model),Yes (Empirical residual calibration),Yes (Empirical residual calibration),Empirical residual calibration,Yes,Yes,Yes (Operating-regime conditional-reliability diagnostics),Yes (Post-hoc regime-conditioned calibration diagnostic),Yes (Operating-regime shift evaluation),Retrospective maintenance-trigger comparisons,Stylized cost/risk comparisons (no prospective policy evaluation),Retrospective risk comparison,Retrospective maintenance-trigger comparison,Retrospective analysis,No (Ten-bearing PHME subset),No,Preprint (arXiv:2607.08273),Data and code public,"Evaluated on ten-bearing PHME subset. Includes operating-regime conditional-reliability diagnostics, predictive-representation model, empirical residual calibration, post-hoc regime-conditioned diagnostic, and retrospective maintenance-trigger comparisons. Does not claim prospective policy evaluation."
Javanmardi & Hüllermeier (2023),javanmardi2023conformal,Yes (CNN and Gradient Boosting),Yes (Conformal prediction intervals),Yes (Split Conformal Prediction),Yes (ICP),Yes (Coverage guarantees depend on exchangeability assumptions),Visual trajectories only,Tested across subsets,No,No,No,No,No,No,No,Yes (C-MAPSS),No,Peer-reviewed (IJPHM),Data and code public,Publisher abstract describes conformal RUL prediction on C-MAPSS using CNN and gradient boosting predictors. Coverage guarantees depend on relevant assumptions.
Yan (2026),yan2026audit,Yes,Yes (Conformal prediction intervals),Yes (Conformal calibration),Yes,Yes (C-MAPSS conformal comparisons),Yes (Operating-regime/conditional auditing),Yes (Operating-regime auditing),Yes,Yes,Yes (Maintenance-cost evaluation),Yes (Maintenance-cost evaluation),Evaluated in deposit archive,Evaluated in deposit archive,Evaluated in deposit archive,Yes (C-MAPSS benchmark),No,Software/reproducibility artifact (Zenodo v1),Data and code public on Zenodo,"Software artifact on Zenodo (DOI 10.5281/zenodo.21330745). C-MAPSS conformal comparisons, operating-regime/conditional auditing, and maintenance-cost evaluation inspected in deposit."
Robinson (2026),robinson2026riskaware,Yes (Gradient boosting),Yes (Asymmetric CQR prediction intervals),Yes (Asymmetric CQR conformal calibration),Yes (Asymmetric CQR),Yes,Evaluated,Evaluated across 4 C-MAPSS subsets,Evaluated,Evaluated across C-MAPSS subsets,Risk-aware interval thresholding,Risk-aware prediction intervals,Risk-aware interval analysis,Evaluated,Risk-aware calibration evaluation,Yes (All four C-MAPSS subsets),No,Peer-reviewed (IJPHM 17(1) 4724),Data public,Published journal article evaluating gradient boosting and asymmetric CQR across all four C-MAPSS subsets.
BenAbdennour (2026),benabdennour2026grouped,Yes,Yes (Interval-safety calibration),Yes (Interval-safety calibration),Interval-safety calibration,Yes,Yes (Urgent/critical interval-safety diagnostics),"Yes (Across engine, battery, bearing datasets)",Yes (Grouped validation),Yes (Across degradation datasets),Interval-safety diagnostics,Safety diagnostics,Urgent/critical interval-safety diagnostics,Safety calibration,Leakage-controlled grouped validation,Yes (Multi-domain datasets including engines),No,Peer-reviewed (Machines 14(10) 1124),Data public,Published journal article demonstrating leakage-controlled grouped validation and urgent/critical interval-safety diagnostics across degradation datasets. Stable direct full-text retrieval pending.
