paper_id,bibtex_key,local_filename,title,authors,year,venue,doi_or_identifier,publication_status,research_problem,research_objective,dataset,cmapss_subset,operating_conditions,fault_modes,rul_target_definition,preprocessing_and_windowing,split_protocol,leakage_protections,model_or_method,point_prediction_method,uncertainty_method,calibration_method,nominal_interval_coverage,uncertainty_metrics,point_prediction_metrics,degradation_stage_analysis,operating_regime_analysis,cross_condition_evaluation,maintenance_decision_layer,maintenance_cost_risk_eval,digital_twin_component,statistical_testing,code_availability,data_availability,key_findings,authors_stated_limitations,authors_future_work,our_methodological_observations,relevance_to_rqs,evidence_strength,closest_work_flag
LOC-01,diana2025ai,paper 1.pdf,AI-Driven Digital Twin for Predictive Maintenance in Urban Infrastructure: Enhancing Structural Resilience and Sustainability,"Dita Diana, Putri, Anggi Angga Mukti",2025,Civil Engineering Science and Technology (CEST),10.51903/3c72e647,Peer-reviewed journal article,High costs and unplanned downtime of urban civil infrastructure under reactive maintenance,Evaluate qualitatively how AI-driven Digital Twins enhance predictive maintenance and structural resilience,"Qualitative infrastructure case studies (Genoa Bridge, Brent Spence Bridge reports)",N/A,Civil environmental loads,"Structural fatigue, corrosion, material degradation",N/A (Qualitative health state),N/A,N/A (Descriptive case study),N/A,Conceptual AI-DT qualitative framework,None (Qualitative review),None,None,N/A,None,None,No,No,No,Conceptual recommendation (proactive intervention),Qualitative discussion of disaster avoidance and repair costs,High-level BIM/IoT conceptual twin representation,None,No,Public project case reports,"Digital Twins allow multi-source monitoring to shift from reactive to proactive maintenance, mitigating catastrophic structural failures.",Relies on secondary qualitative case study reports; lacks empirical sensor datasets and quantitative algorithmic validation.,Integration of real-time multi-sensor telemetry networks and dynamic machine learning models.,Useful only as general domain motivation for predictive maintenance; zero algorithmic or mathematical relevance to RUL UQ.,Background for DT and maintenance motivation; not applicable to RQ1-RQ4.,Low (Qualitative descriptive review),No
LOC-02,huang2021survey,paper 2.pdf,A Survey on AI-Driven Digital Twins in Industry 4.0: Smart Manufacturing and Advanced Robotics,"Ziqi Huang, Yang Shen, Jiayi Li, Marcel Fey, Christian Brecher",2021,Sensors (MDPI),10.3390/s21196340,Peer-reviewed review article,Fragmented application of AI in Digital Twins without systematic domain integration in Industry 4.0,"Survey over 300 papers on AI-driven DTs across smart manufacturing, robotics, and industrial maintenance",Literature corpus of 300+ manuscripts,Referenced in survey context,Diverse industrial manufacturing conditions,"Tool wear, machining vibration, mechanical failure",Survey review of RUL literature,Survey of common signal processing and windowing techniques,Survey of literature splits,Discussed conceptually,AI-DT architectural taxonomy across multiscale physical systems,"Survey of CNN, RNN, LSTM, SVM, and hybrid models",Identified as a critical gap in current DT systems,Not evaluated,N/A,Not evaluated,Not evaluated,Discussed as lifecycle evolution,Discussed as variable industrial operating conditions,Discussed as domain adaptation challenge,Conceptual decision support architectures reviewed,Reviewed as Industry 4.0 economic driver,"Core topic: multi-scale, multi-fidelity digital twin models with real-time data synchronization",None (Survey paper),No,Public literature references,"Digital Twins require deep integration of domain expertise with AI. Predictive maintenance is a leading DT application, but most implementations stop at point prediction without trustworthy uncertainty.",Focuses on manufacturing and robotics; excludes detailed medical or civil twin applications; high variability in industrial definitions of DT.,"Standardized multi-fidelity DT architectures, explainable AI integration, and robust uncertainty quantification under industrial noise.","Definitive survey confirming that AI + DT is well-established, but rigorous uncertainty quantification within DTs is a known, unfulfilled requirement.",Directly supports RQ4 architectural grounding and context for Phase 9 Digital Twin layer.,High (Comprehensive peer-reviewed survey of 300+ papers),No
LOC-03,mazzetto2024review,paper 3.pdf,"A Review of Urban Digital Twins Integration, Challenges, and Future Directions in Smart City Development",Silvia Mazzetto,2024,Sustainability (MDPI),10.3390/su16198337,Peer-reviewed review article,"Integration bottlenecks, governance challenges, and lack of universal standards in Urban Digital Twins",Bibliometric and thematic analysis of Urban Digital Twins for sustainable city management and asset operations,Web of Science and Scopus bibliometric corpus (VOSviewer),N/A,Urban environment regimes,N/A,N/A,N/A,N/A,N/A,Bibliometric analysis and qualitative thematic framework,None,None,None,N/A,None,None,No,No,No,High-level city asset governance decision framework,Qualitative discussion of infrastructure sustainability,Multi-source GIS/BIM/IoT Urban Digital Twin integration models,Bibliometric co-occurrence clustering,No,Indexed bibliographic database records,"UDTs improve real-time municipal awareness but encounter severe interoperability, data synchronization, and socio-technical hurdles.",Limited to academic publications indexed in WoS/Scopus; proprietary industrial smart city implementations not captured.,"Establishing universal ontology standards, empirical benchmarking, and open data platforms.",Civil/urban scope; confirms that multi-system data integration is a universal bottleneck in digital twin engineering.,Peripheral architectural background; no direct bearing on RQ1-RQ3.,Medium (Methodical bibliometric survey),No
LOC-04,wei2024digital,paper 4.pdf,DIGITAL TWIN AND AI ENABLED PREDICTIVE MAINTENANCE IN BUILDING INDUSTRY,Hu Wei,2024,Nanyang Technological University (Doctoral Dissertation),Unverified / Institutional Thesis,Doctoral dissertation (NTU),"Energy waste, unexpected breakdowns, and lack of real-time predictive maintenance in central chiller systems","Develop an end-to-end AI-enabled Digital Twin framework for chiller plant fault detection, diagnosis, and maintenance",Field operational sensor data from building chiller plants in Singapore and simulation testbeds,N/A,Tropical cooling loads and variable ambient building thermal dynamics,"Refrigerant charge faults, condenser fouling, sensor drift, compressor valve degradation",Health index degradation and fault severity thresholds,"Moving average filtering, z-score normalization, sequence sliding window",Chronological train/test split on field telemetry,Strict temporal sequence preservation,"Bi-directional Digital Twin architecture with Bayesian networks, 1D-CNN, and LSTM autoencoders",LSTM and 1D-CNN autoencoders for anomaly score and degradation index,Bayesian network probabilistic reasoning for fault classification confidence,No formal prediction interval calibration,N/A,Posterior fault probability only,"F1-score, Precision, Recall, MAE on thermal parameters","Yes, categorized into normal, incipient degradation, and severe fault stages","Yes, across partial load (30%-100%) chiller operating profiles",Evaluated across distinct chiller units in field deployment,Automated alert triggers based on fault probability and degradation thresholds,Life-cycle energy cost reduction and maintenance cost savings evaluated,"Full 3D visualization, bi-directional BACnet/Modbus telemetry interface, real-time virtual simulation",Confusion matrices and sensitivity analysis,No (Proprietary/university intellectual property),Field data partially proprietary due to building management agreements,"Digital Twins linked with deep temporal models enable proactive chiller maintenance, reducing operational energy waste by 12-18% and cutting unscheduled service calls.",Sensor noise in field environments causes false alarm spikes; computational complexity requires high-end edge servers; generalizability across different chiller manufacturers is untested.,Adaptive transfer learning across building types and automated optimal control feedback.,"Extremely thorough 180-page dissertation proving complete engineering feasibility of a predictive maintenance DT; however, focuses on HVAC classification/FDD rather than continuous run-to-failure RUL conformal intervals.",Direct architectural benchmark for Phase 9 Digital Twin module; validates multi-layer DT integration.,High (Rigorous PhD dissertation with field experimental validation),No
LOC-05,bello2024ai,paper 5.pdf,AI-driven predictive maintenance and optimization of renewable energy systems for enhanced operational efficiency and longevity,"Sakiru Folarin Bello, Ifeoluwa Uchechukwu Wada, Olukayode B. Ige, Ernest C. Chianumba, Samod Adetunji Adebayo",2024,International Journal of Science and Research Archive,10.30574/ijsra.2024.13.1.1992,Peer-reviewed journal article (Open Access),Suboptimal maintenance causing excessive downtime and shortened asset life in wind turbines and solar PV arrays,"Analyze the role of AI-driven predictive maintenance in improving uptime, grid stability, and equipment longevity in renewable platforms",Secondary literature synthesis and generalized industry reports,N/A,Variable wind speeds and solar irradiance,"Gearbox failure, blade damage, inverter degradation",Conceptual RUL discussion,N/A,N/A,N/A,Descriptive review of ML algorithms in renewable PdM,"Survey of RF, SVM, and deep neural networks",None,None,N/A,None,None,No,No,No,Conceptual recommendation for condition-based scheduling,Qualitative estimates of downtime cost mitigation,Mentioned as an emerging trend for wind turbine simulation,None,No,Public citations,AI-driven maintenance reduces operational expenditures in offshore wind and solar farms by anticipating component wear before catastrophic failure.,Lack of direct proprietary field data; review based on published secondary literature.,Field implementation of edge AI sensors on remote wind turbine drivetrains.,General domain overview; reinforces economic motivation for predictive maintenance but offers no algorithmic or empirical evidence for prognostics.,Contextual support for maintenance economics; no contribution to RQ1-RQ4.,Low (Descriptive review),No
LOC-06,hosseinzadeh2023predictive,paper 6.pdf,A Predictive Maintenance Approach in Manufacturing Systems via AI-based Early Failure Detection,"Ali Hosseinzadeh, F. Frank Chen, Mohammad Shahin, Hamed Bouzary",2023,Manufacturing Letters (Elsevier) / NAMRC 51,10.1016/j.mfglet.2023.08.125,Peer-reviewed conference / short journal paper,Unplanned manufacturing downtime from unexpected milling machine tool failures,"Evaluate and compare multiple ML, DL, and Deep Hybrid Learning (DHL) models for early failure detection on synthetic telemetry",Synthetic Predictive Maintenance Dataset (University of Applied Sciences Vorarlberg / Kaggle AI4I),N/A,Single simulated machining setting with varying rotational speed and torque,"Tool wear failure (TWF), heat dissipation failure (HDF), power failure (PWF), overstrain failure (OSF), random failure (RNF)",N/A (Multi-class failure mode classification and binary defect detection),"Standard scaling, feature selection, no sliding temporal window",80/20 train/test random split,Standard cross-validation (synthetic independent samples),"Random Forest, SVM, DNN, LSTM, and CNN-LSTM Deep Hybrid Learning",Classification: CNN-LSTM hybrid achieved 99.1% binary accuracy and 98.7% multiclass F1,None (Deterministic classification output),None,N/A,None,"Accuracy, Precision, Recall, F1-score, ROC-AUC",No,No,No,Binary intervention trigger (stop machine upon predicted failure flag),Qualitative discussion of preventing scrap parts and spindle damage,None,10-fold cross validation,No,Public benchmark dataset (AI4I Predictive Maintenance Dataset),Deep hybrid models (CNN-LSTM) outperform standalone ML classifiers in distinguishing complex mechanical failure modes on sensor telemetry.,Conducted on synthetic data where physical degradation dynamics are idealized; does not model continuous remaining operational lifetime.,Validation on real industrial production line CNC telemetry and integration into enterprise MES systems.,"Good benchmark of temporal DL models on sensor telemetry, but strictly classification-based. Omits continuous RUL regression, uncertainty intervals, and digital twin synchronization.",Supports RQ1 baseline comparison rationale for hybrid temporal architectures; does not address RQ2-RQ3.,Medium-High (Reproducible benchmark on public dataset),No
LOC-07,shehadeh2024evaluating,paper 7.pdf,Evaluating the Impact of Transitioning Maintenance Strategy from Reactive to Proactive in Power Generation Companies: An Empirical Analysis,Hazem Khaled Shehadeh,2024,WSEAS Transactions on Business and Economics,10.37394/23207.2024.21.69,Peer-reviewed journal article,Lack of quantitative econometric evidence comparing reactive vs. proactive maintenance impacts on operational KPIs in power plants,"Empirically evaluate maintenance costs, downtime, equipment lifespan, and safety incidents across power generation facilities",Empirical historical operational records from Jordanian power generation plants over multi-year operational period,N/A,Base-load and peak power generation operational cycles,"Turbine breakdowns, boiler tube leaks, generator trip events",Equipment lifespan extension in operational hours,Econometric normalization and longitudinal KPI aggregation,Pre-transition (reactive) vs. Post-transition (proactive) comparative cohort analysis,N/A (Historical cohort comparison),Empirical statistical and econometric comparative evaluation,N/A,None,None,N/A,None,Statistical KPI differentials (% change),No,Analyzed across power dispatch load levels,Comparative analysis across multiple power generation units,Strategic maintenance policy transition (reactive run-to-failure to proactive condition-based),"Explicit: 20% maintenance cost reduction, 35% breakdown decrease, 40% downtime reduction, 50% safety incident drop, offset by 30% training and 25% tool investment increase",None,"Descriptive statistics, percentage variance analysis, and paired KPI comparisons",No,Industrial proprietary operational records (Zarqa University research agreement),"Transitioning to proactive maintenance yields massive operational dividends (20% cost drop, 40% downtime reduction) that substantially outweigh upfront predictive tooling investments.",Data sourced from a specific geographic and regulatory environment (Jordanian power sector); long-term equipment degradation dynamics beyond 5 years require further monitoring.,Expanding the empirical model to renewable energy utilities and integrating automated predictive sensor networks.,Provides invaluable empirical cost-benefit benchmarks for our Phase 7 decision-support cost matrix; confirms that maintenance policy evaluation must weigh inspection/tooling costs against catastrophic failure savings.,Direct empirical justification for RQ3 maintenance-cost formulation; no algorithmic ML/RUL content.,High (Rigorous real-world industrial empirical econometric dataset),No
LOC-08,mousavi2024evolution,paper 8.pdf,Evolution of Digital Twin Frameworks in Bridge Management: Review and Future Directions,"Vahid Mousavi, Maria Rashidi, Masoud Mohammadi, Bijan Samali",2024,Remote Sensing (MDPI),10.3390/rs16111887,Peer-reviewed review article,Conceptual ambiguities and neglect of intelligent decision-support models within existing bridge Digital Twin frameworks,Conduct scientometric analysis of 480+ papers to develop an enhanced multilayer DT framework integrating decision support systems,Corpus of 480+ peer-reviewed bridge DT publications,N/A,Civil structural load regimes,"Structural cracking, cable corrosion, foundation scour",Review of structural fatigue life models,"Survey of point cloud, photogrammetry, and strain gauge preprocessing",N/A,N/A,Scientometric VOSviewer mapping and conceptual multilayer DT architecture redevelopment,"Review of FEA, surrogate models, and ML regression",Identified as neglected in operational decision layers,None,N/A,None,None,"Discussed across structural lifecycle (design, construction, maintenance, demolition)",Discussed as dynamic traffic and environmental loading,No,"Explicit: Multi-criteria decision-making (MCDM), bridge management system (BMS) integration, and priority ranking",Lifecycle cost analysis and risk-based inspection planning reviewed,"Core focus: Multilayer DT architecture (Physical, Data acquisition, Virtual modeling, Decision support, Service/UI)",Scientometric co-citation and keyword network analysis,No,Public academic literature databases,Most bridge DTs are limited to visualization and 3D geometry; intelligent decision support and probabilistic risk models are rarely integrated into the operational loop.,Focuses strictly on bridge infrastructure; scientometric search bounded by specific keyword combinations in WoS/Scopus.,Standardizing DT interoperability protocols and implementing automated decision support algorithms linked to real-time structural twins.,Crucial architectural finding: authors explicitly demonstrate that 'decision support' is missing from 85%+ of published DTs. Directly justifies IntelliTwin's layered decision-support architecture.,Directly supports RQ3 (decision support) and RQ4 (system architecture); civil engineering domain prevents direct algorithmic RUL comparison.,High (Comprehensive scientometric review of 480+ studies),No
LOC-09,brighenti2024forecasting,paper 9.pdf,Forecasting bridge damage within a predictive Structural Reliability-based DSS,"Francesca Brighenti, Mattia Francesco Bado, Francesco Romeo, Daniele Zonta",2024,Automation in Construction (Elsevier),10.1016/j.autcon.2024.105740,Peer-reviewed journal article,Aging bridge stocks require expeditious reliability assessment and objective prioritization of maintenance interventions,Develop a predictive Decision Support System (DSS) integrating structural reliability indices with Markov Chain deterioration models,Real-world bridge inspection database from Autonomous Province of Trento (Italy) comprising reinforced concrete bridge spans,N/A,"Alpine climate exposure, de-icing salts, and heavy traffic loads","Concrete spalling, rebar corrosion, deck cracking, bearing degradation",Time to exceed critical reliability index threshold (beta_crit < 3.0),Discretization into discrete Condition States (CS1 to CS5),Calibration on historical visual inspection records; forward simulation of degradation trajectories,Markovian memoryless assumption (stationary transition matrix),Non-homogeneous Markov Chain deterioration model coupled with structural reliability analysis,Expected condition state progression over 10-50 year horizons,Probabilistic condition-state transition probability distributions,Bayesian updating using periodic visual inspection likelihoods,Not evaluated as conformal/confidence intervals,State probability distribution entropy and variance,Reliability index beta(t) and Priority Index (PI),"Yes, condition transitions modeled explicitly from intact (CS1) to failed (CS5)",Differentiated by environmental exposure severity and bridge structural typology,Tested across multiple bridge spans in the regional network,Explicit: Automated Priority Index computation to rank interventions under constrained budget,Evaluates cost-benefit of early intervention vs. delayed reconstruction costs,Structural asset condition registry; lacks real-time bi-directional telemetry streaming,Sensitivity analysis on transition probability matrices,No,Provincial bridge inspection records (restricted administrative access),"Directly linking probabilistic deterioration models to structural reliability indices enables objective, cost-optimal maintenance prioritization that prevents catastrophic structural closures.",Relies on visual inspection data which has inherent subjective bias; Markovian stationary assumption may oversimplify nonlinear degradation dynamics.,Integration of continuous sensor monitoring (SHM) to replace manual visual inspection ratings.,Outstanding example of a rigorous maintenance Decision Support System (DSS) translating probabilistic forecasts into operational action; reinforces IntelliTwin's DSS design.,Directly inspires RQ3 decision-support formulation; uses Markov chains rather than deep learning time-series RUL.,High (Rigorous engineering methodology with empirical field data),No
LOC-10,hisamuddin2026ai,paper 10.pdf,AI-Driven Digital Twins for Smart Urban Infrastructure: A Comparative Survey of Monitoring and Predictive Maintenance Methodologies,"Mohammed Hisamuddin, Mohammed Thafazul Hussain, Ruksar Fatima",2026,Khaja Bandanawaz University (Preprint / Research Report),Unverified / Not Available,Preprint / University research report,"Aging urban infrastructure and the lack of unified frameworks combining IoT, AI, RUL, and explainable decision support","Comparative survey of AI-driven Digital Twin methodologies across structural sensing, machine learning, RUL, and XAI",Corpus of academic literature across urban infrastructure,Referenced in RUL survey section,Urban environmental and operational stresses,"Structural fatigue, cracking, environmental degradation",Survey of statistical and DL RUL targets,Survey of vibration and strain filtering,N/A,N/A,"Taxonomic survey comparing DT architectures, BIM/GIS integration, DL models, and XAI","Review of CNN, LSTM, Transformer, and hybrid RUL models",Noted as an essential component for trustworthy decision-making,Not evaluated,N/A,None,None,Discussed conceptually across asset lifecycle,Discussed as multi-modal sensor inputs,Discussed in context of domain generalization,Survey of maintenance planning and decision support tools,Qualitative discussion of cost-effective maintenance,"Core theme: IoT sensing, BIM/GIS modeling, digital twin synchronization, and XAI dashboards",Comparative qualitative matrix across 43 cited works,No,Public literature,"While individual technologies (AI, SHM, BIM) are mature, their seamless integration with explainable decision support and remaining life prediction remains an open research frontier.",Qualitative comparison based on literature; no original software implementation or benchmark testing.,Developing an end-to-end framework integrating explainable AI into predictive maintenance Digital Twins.,Useful recent (2026) synthesis confirming that linking RUL with explainable decision support in DTs is actively sought after; lacks mathematical depth or UQ specifics.,Broad conceptual alignment with RQ3 and RQ4; not an empirical benchmark paper.,Medium (Thorough 30-page academic working paper),No
LOC-11,mahmud2025ai,paper 11.pdf,AI-Augmented Digital Twin Architecture for Predictive Maintenance in Smart Urban Infrastructure: A Cross-Domain Engineering Framework,"A K M Rezown Mahmud, Raida Islam Hriti, Md Mehedi Hasan, Md Nizam Uddin, Arpita Rany Roy",2025,"European Journal of Applied Science, Engineering and Technology (EJASET)",10.59324/ejaset.2025.3(5).04,Peer-reviewed journal article (Open Access),Siloed infrastructure systems preventing automated predictive maintenance across municipal physical assets,Propose a four-tier AI-augmented Digital Twin engineering architecture for cross-domain predictive maintenance,Conceptual framework illustrated with hypothetical smart city infrastructure telemetry,N/A,"Cross-domain urban regimes (transport, water, power)","Pipeline leak, bridge vibration anomaly, electrical grid fault",Conceptual RUL estimation component in processing tier,Edge filtering and outlier rejection outlined,N/A,N/A,"Four-tier architectural framework (Physical, Perception, Twin Modeling, Application)","Conceptual integration of LSTM, GNN, and Random Forests",None,None,N/A,None,None,No,No,No,Automated maintenance dispatch and work order generation tier,Qualitative discussion of reducing municipal maintenance budgets,Multi-tier cyber-physical architecture with edge-cloud synchronization,None,No,Conceptual paper,"Layered decoupling between perception, virtual modeling, and decision services is essential for scalable cyber-physical Digital Twins.",Framework remains conceptual; lacks full-scale empirical deployment or quantitative benchmark validation.,Pilot testbed deployment on municipal water distribution networks.,Validates the layered software engineering paradigm used in IntelliTwin; contains no statistical or empirical RUL algorithms.,Validates architectural design for Phase 9 Digital Twin module; no bearing on RQ1-RQ3.,Medium-Low (Conceptual architectural paper),No
LOC-12,hasan2025new,paper 12.pdf,A new era for digital twins: progress and industry adoption,"S. K. Khairul Hasan, Colin William Crawford",2025,Digital Twin (Taylor & Francis),10.1080/27525783.2025.2555877,Peer-reviewed review article,"Fragmented technological standards, high implementation costs, and lack of clarity on industry-wide DT maturity","Systematically review core components, enabling technologies, and cross-sector industrial adoption of Digital Twins","Systematic literature review across Scopus, IEEE Xplore, and Web of Science",Cited in aerospace maintenance section,"Cross-sector industrial operating regimes (aerospace, energy, manufacturing, healthcare)","Mechanical fatigue, thermal degradation, process deviations",Review of prognostics and health index models,"Survey of sensor fusion, edge analytics, and feature extraction",N/A,N/A,Systematic technological taxonomy and adoption maturity assessment,"Survey of ML, deep learning, physics-informed neural networks (PINNs)",Identified as a critical requirement for safety-critical aerospace and energy twins,Noted as missing in contemporary industrial software implementations,N/A,None,None,Discussed across full product lifecycle,Discussed across dynamic multi-operating environments,Highlighted as major hurdle in physical-virtual synchronization,Review of automated prescriptive maintenance and optimization engines,"Extensive discussion of ROI, asset availability, and downtime economics","Core theme: 5-dimensional Digital Twin architecture, edge computing, high-fidelity 3D rendering, bi-directional telemetry",PRISMA literature extraction analysis,No,Public academic databases,"Digital Twins have transitioned from theoretical concepts to tangible industrial tools. However, statistical validation of predictive uncertainty remains rare in deployed systems, posing risks for safety-critical assets.",High heterogeneity in commercial vendor terminology; proprietary industrial case studies rarely disclose raw performance data.,Development of standardized uncertainty metrics for digital twins and physics-data hybrid architectures.,"Definitive state-of-the-art review (2025) confirming that 'predictive maintenance with Digital Twins' is mature, but 'uncertainty calibration inside Digital Twins' is an unresolved industry challenge.",Direct support for RQ2 (uncertainty) and RQ4 (framework architecture); establishes broader research context.,High (Comprehensive peer-reviewed systematic review),No
LOC-13,pathri2025smart,paper 13.pdf,From Smart Cities to Manufacturing: A Comprehensive Study on Digital Twin Applications and Barrier,"Bhargav Prajwal Pathri, Krishna Vamshi Ganduri",2025,IET Digital Twins and Applications (Wiley / IET),10.1049/dgt2.70014,Peer-reviewed review article (Open Access),"Implementation barriers, high sensor network costs, and scalability bottlenecks impeding widespread DT adoption","Classify DT applications across key sectors (smart cities, manufacturing, aeronautics, healthcare) and diagnose operational barriers",Comprehensive academic and industrial literature corpus,N/A,Diverse industrial operating profiles,"Mechanical wear, aero-engine fatigue, system bottlenecks",Review of prognostics and lifecycle management,Survey of IoT data ingestion protocols,N/A,N/A,Cross-sector technological synthesis and barrier taxonomy,"Survey of AI, ML, and computer-aided simulation tools",None,None,N/A,None,None,Discussed conceptually across product lifecycle,Identified as a major hurdle in real-time telemetry processing,Identified as interoperability barrier,Review of decision support and predictive maintenance scheduling,Discussion of sensor deployment costs vs. operational savings,"Core topic: Digital twin virtual models, simulation fidelity, and IoT synchronization",None,No,Public literature,"Aeronautical structural health monitoring and maintenance prediction are prime DT use cases, but continuous connection and data compatibility barriers prevent widespread commercial rollout.",Qualitative literature review; lack of empirical benchmarking across proprietary vendor platforms.,Establishing open interoperability standards and lightweight edge computing architectures for DTs.,Reinforces the importance of robust data ingestion and processing pipelines; confirms aeronautical maintenance as a prime digital twin application.,Contextual support for Phase 9 Digital Twin architecture; no direct bearing on RQ1-RQ3.,Medium (Systematic qualitative survey),No
LOC-15,belay2026digital,paper 15.pdf,Digital Twin-Driven Communication-Efficient Federated Anomaly Detection for Industrial IoT,"Mohammed Ayalew Belay, Adil Rasheed, Pierluigi Salvo Rossi",2026,IEEE (Submitted Manuscript / NTNU),Unverified / Not Available,Submitted manuscript / Preprint,"Communication overhead, limited labeled industrial data, and privacy concerns in federated anomaly detection",Propose Digital Twin-integrated Federated Learning (DTFL) methods to blend synthetic twin data with real sensor data for communication efficiency,Public cyber-physical anomaly detection dataset (Secure Water Treatment - SWaT),N/A,Continuous industrial multi-stage water treatment cycles,"Cyber-physical cyberattacks, sensor manipulation, actuator failures",N/A (Binary and multi-class anomaly detection),"MinMax normalization, temporal sequence slicing",Distributed client-partitioned training and centralized global test evaluation,Strict isolation between local client training sets and global evaluation partition,"Five DTFL approaches: Meta-Learning (DTML), Parameter Fusion (FPF), Layer-wise Exchange (LPE), Cyclic Weight Adaptation (CWA), Knowledge Distillation (DTKD)",Autoencoder and MLP anomaly classifiers,None,None,N/A,None,"F1-score, Precision, Recall, Communication rounds to target accuracy (80%)",No,Evaluated across distinct distributed client sensor environments,Tested on heterogeneous non-IID client distributions,Real-time anomaly alarm generation for plant operators,Evaluates communication bandwidth overhead and convergence rounds,Core theme: Physics-based Digital Twin simulator generates synthetic operational data to augment sparse real failure data,Evaluation across multiple federated training rounds (1-100 rounds),Code stated to be available upon request / publication,"Public SWaT dataset (iTrust, SUTD)",Using Digital Twins to generate synthetic operational data reduces communication overhead by up to 62% in federated learning while maintaining 80%+ anomaly detection accuracy.,Synthetic DT data fidelity directly limits global model accuracy; simulation domain gap must be small; computational cost on local edge clients is non-trivial.,Validating DTFL on real-world industrial testbeds and investigating differential privacy guarantees.,Strong demonstration of using a Digital Twin to enrich machine learning data pipelines; addresses discrete anomaly detection rather than continuous RUL regression or conformal calibration.,Supports Digital Twin data synchronization concept for Phase 9; no direct bearing on RQ1-RQ3.,Medium-High (Rigorous preprint / submitted manuscript with quantitative benchmark),No
LOC-14,wu2026research,paper 14.pdf,Research on Remaining Useful Life Prediction of Equipment Based on Digital Twins,"Jiaju Wu, Yuanlin Zhou, Xiaodong Wang, Chuan Chen, Yongqi Ma, Chunrui Zhang",2026,Sensors (MDPI),10.3390/s26041240,Peer-reviewed journal article,Equipment RUL prediction using ensemble machine learning within a Digital Twin platform,Construct a Digital Twin maintenance-support platform for battery RUL prediction using GA-optimized ensemble learning,CS2_35 lithium-ion battery laboratory data,N/A,Laboratory battery cycling regimes,Battery capacity fade,Remaining capacity / cycle life,Not verified in the current audit,Not verified in the current audit,Not verified in the current audit,"Ensemble combining RVM, Random Forest, Elastic Net, autoregression, and LSTM with genetic-algorithm weight optimization","GA-weighted ensemble (RVM, RF, Elastic Net, AR, LSTM)",None (Identified as future work),None,N/A,None,Not verified in the current audit,Not verified in the current audit,Not verified in the current audit,Not verified in the current audit,Digital Twin maintenance-support platform,Not verified in the current audit,Explicit Digital Twin maintenance-support platform representation,Not verified in the current audit,Not verified in the current audit,Public CS2_35 battery laboratory dataset,Demonstrates Digital Twin maintenance-support platform pairing ensemble machine learning with battery RUL prediction. Uncertainty assessment identified as future work.,Uncertainty limits and confidence assessment identified as future work.,Incorporating uncertainty limits and confidence assessment.,"Demonstrates DT maintenance-support platform on battery data, but lacks uncertainty quantification and conformal calibration.",Direct competitor for DT maintenance platform context; lacks uncertainty quantification.,High (Peer-reviewed journal article),Yes
SUP-01,chen2022data,External peer-reviewed paper,Data-driven predictive maintenance strategy considering the uncertainty in remaining useful life prediction,"Chen, Chuang and Shi, Jiantao and Lu, Ningyun and Zhu, Zheng Hong and Jiang, Bin",2022,Neurocomputing,10.1016/j.neucom.2022.04.055,Peer-reviewed journal article,Predictive maintenance considering uncertainty in RUL prediction,Formulate predictive maintenance strategy under RUL uncertainty,Not verified in the current audit,Not verified in the current audit,Not verified in the current audit,Not verified in the current audit,Not verified in the current audit,Not verified in the current audit,Not verified in the current audit,Not verified in the current audit,Not verified in the current audit,Not verified in the current audit,Not verified in the current audit,Not verified in the current audit,Not verified in the current audit,Not verified in the current audit,Not verified in the current audit,Not verified in the current audit,Not verified in the current audit,Not verified in the current audit,Predictive maintenance strategy considering RUL uncertainty,Not verified in the current audit,None,Not verified in the current audit,Not verified in the current audit,Public repository,Formulates a predictive maintenance strategy considering uncertainty in RUL prediction. Full primary methodology remains unverified in this audit.,Not verified in the current audit,Not verified in the current audit,Bibliographic identity verified. Specific methodological assertions unverified in this audit.,Prior art for predictive maintenance considering RUL uncertainty.,High (Peer-reviewed journal article),Yes
SUP-02,zhu2025predictive,External peer-reviewed paper,Predictive Maintenance Strategies for Aero-Engines Considering Remaining Useful Life Prediction Interval,"Zhu, Zhengbo and Wang, Lubing and Chen, Mingchih and Zhao, Xufeng",2025,Quality and Reliability Engineering International,10.1002/qre.70043,Peer-reviewed journal article,Predictive maintenance for aero-engines considering RUL prediction intervals,Develop maintenance-cost optimization using deep-learning/Monte Carlo dropout prediction intervals,Aero-engine degradation data (C-MAPSS identified; exact subset unverified),C-MAPSS identified (exact subset unverified),Aero-engine operating regimes,Aero-engine degradation,Remaining useful life,Not verified in the current audit,Not verified in the current audit,Not verified in the current audit,Deep-learning prediction intervals via Monte Carlo dropout and maintenance-cost optimization,Deep learning point prediction,Monte Carlo dropout prediction intervals,Not verified in the current audit,Not verified in the current audit,Not verified in the current audit,Not verified in the current audit,Not verified in the current audit,Not verified in the current audit,Not verified in the current audit,Maintenance-cost optimization for aero-engines,Maintenance-cost optimization modeled,None,Not verified in the current audit,Not verified in the current audit,Public aero-engine repository,Publisher abstract describes deep-learning/Monte Carlo dropout prediction intervals and maintenance-cost optimization using aero-engine data.,Not verified in the current audit,Not verified in the current audit,Publisher abstract verified. Exact protocol and subset details remain unverified.,Prior art for aero-engine maintenance scheduling using prediction intervals.,High (Peer-reviewed journal article),Yes
SUP-03,diao2026turbofan,External peer-reviewed paper,Turbofan Engine Remaining Useful Life Prediction with Reliable Prediction Intervals via LSTM-Based Quantile Regression and Conformal Calibration,"Diao, Runsheng and Zhou, Mingzhe and Meng, Guanglei and Wang, Shanze",2026,Sensors (MDPI),10.3390/s26072249,Peer-reviewed journal article,Reliable prediction intervals for turbofan engine RUL estimation,Construct conformalized prediction intervals via LSTM quantile regression and conformal calibration,NASA C-MAPSS benchmark,FD001 and FD002,Single and multi-operating condition regimes,HPC and fan degradation,Piecewise linear RUL,Standard windowing and normalization,"Proper training, calibration, and test splits",Preserved engine-level isolation,LSTM quantile regression with conformal calibration/CQR,LSTM quantile regression median,Conformalized Quantile Regression (CQR),Inductive split conformal calibration,Evaluated at 90% and 95% nominal levels,"PICP, MPIW, Winkler Score","RMSE, Score",Evaluated (Includes life-stage analysis),Evaluated (Cross-condition evaluation with labeled target adaptation),Labeled target adaptation/calibration,Upstream of full prescriptive maintenance optimization,Not evaluated,None,Evaluated across splits,Not verified in the current audit,Public NASA repository,"Applies LSTM quantile regression with conformal calibration/CQR on FD001 and FD002, including life-stage analysis and cross-condition evaluation with target adaptation.",Positions work upstream of full prescriptive maintenance optimization.,Prescriptive maintenance decision optimization.,Demonstrates conformal prediction on FD001/FD002 with life-stage analysis; positions work upstream of decision optimization.,Direct competitor for conformal RUL prediction and stage-wise analysis.,High (Peer-reviewed journal article),Yes
SUP-04,walia2026uncertainty,External peer-reviewed paper,Uncertainty-aware remaining useful life prediction and PPO based optimal maintenance scheduling in industrial IoT,"Walia, Guneet Kaur and Kumar, Mohit",2026,Reliability Engineering & System Safety,10.1016/j.ress.2026.112356,Peer-reviewed journal article,Uncertainty-aware RUL prediction and optimal maintenance scheduling in IIoT,Couple quantile regression with CNN/GRU and PPO reinforcement learning for maintenance scheduling,NASA turbofan engine data (exact subset unverified),NASA turbofan data (exact subset unverified),Turbofan operating regimes,Turbofan engine degradation,Remaining useful life,Not verified in the current audit,Not verified in the current audit,Not verified in the current audit,Quantile regression with CNN/GRU and PPO maintenance scheduling,CNN/GRU regression,Quantile regression,Not verified in the current audit,Not verified in the current audit,Not verified in the current audit,Not verified in the current audit,Not verified in the current audit,Not verified in the current audit,Not verified in the current audit,PPO reinforcement learning optimal maintenance scheduling,Reinforcement learning reward function optimization,Simulation environment for RL,Not verified in the current audit,Not verified in the current audit,Public NASA repository,Publisher abstract describes quantile regression with CNN/GRU and PPO maintenance scheduling using NASA turbofan engine data.,Not verified in the current audit,Not verified in the current audit,Publisher abstract verified. Specific subset and detailed metrics unverified.,Prior art for uncertainty-aware RL maintenance scheduling.,High (Peer-reviewed journal article),Yes
SUP-05,xu2026novel,External peer-reviewed paper,A novel uncertainty-aware framework for remaining useful life prediction integrating uncertainty quantification and calibration,"Xu, Weijun and Gao, Shuang and Wang, Zongyao and Zio, Enrico",2026,Reliability Engineering & System Safety,10.1016/j.ress.2026.112763,Peer-reviewed journal article,Uncertainty quantification and calibration for remaining useful life prediction,Develop an uncertainty-aware RUL framework integrating quantification and calibration,Not verified in the current audit,Not verified in the current audit,Not verified in the current audit,Not verified in the current audit,Not verified in the current audit,Not verified in the current audit,Not verified in the current audit,Not verified in the current audit,Not verified in the current audit,Not verified in the current audit,Not verified in the current audit,Not verified in the current audit,Not verified in the current audit,Not verified in the current audit,Not verified in the current audit,Not verified in the current audit,Not verified in the current audit,Not verified in the current audit,Not verified in the current audit,Not verified in the current audit,None,Not verified in the current audit,Not verified in the current audit,Public repository,"Bibliographic identity verified (RESS 2026, Vol 275, 112763). Full primary methodology remains unverified in this audit.",Not verified in the current audit,Not verified in the current audit,Bibliographic identity verified. Specific methodology unverified in this audit.,Prior art for uncertainty calibration in RUL prediction.,High (Peer-reviewed journal article),Yes
SUP-06,yang2026empirical,External arXiv preprint,Empirical Calibration and Conditional-Reliability Diagnostics for Bearing RUL Prediction under Operating-Regime Shift,"Yang, Shaoliang and Wang, Jun and Wang, Yunsheng",2026,arXiv preprint arXiv:2607.08273 [cs.CE],arXiv:2607.08273,Preprint,Conditional-reliability failure under operating-regime shift in bearing RUL prediction,Develop empirical residual calibration and post-hoc regime-conditioned calibration diagnostics,Ten-bearing PHME subset,N/A,Multi-regime bearing speed/load settings,Bearing race/ball degradation,Remaining operational cycles to failure,Vibration feature extraction,Regime-based train/test splits,Bearing-isolated partitioning,Predictive-representation model and empirical residual calibration,Predictive representation model,Empirical residual calibration,Post-hoc regime-conditioned calibration diagnostic,Evaluated at nominal target levels,"Conditional coverage differential, residual variance","MAE, RMSE",Evaluated,Evaluated (Operating-regime conditional-reliability diagnostics),Tested under operating-regime shift,Retrospective maintenance-trigger and stylized cost/risk comparisons,Stylized cost/risk comparisons (no prospective policy evaluation),None,Statistical calibration testing,Public code repository,Public ten-bearing PHME dataset,Demonstrates operating-regime conditional-reliability diagnostics on a ten-bearing PHME subset using empirical residual calibration and post-hoc regime-conditioned diagnostics.,Evaluates retrospective maintenance triggers; does not claim prospective maintenance-policy evaluation.,Prospective online maintenance decision models.,Provides precedent for regime-conditioned calibration diagnostics on bearing data with retrospective cost analysis.,Direct methodological precedent for conditional-reliability auditing.,Medium-High (Preprint on arXiv),Yes
SUP-07,javanmardi2023conformal,External peer-reviewed paper,Conformal Prediction Intervals for Remaining Useful Lifetime Estimation,"Javanmardi, Alireza and Hüllermeier, Eyke",2023,International Journal of Prognostics and Health Management,10.36001/ijphm.2023.v14i2.3417,Peer-reviewed journal article,Guaranteed prediction interval coverage for RUL estimation,Apply inductive split conformal prediction to CNN and gradient boosting predictors for C-MAPSS RUL,NASA C-MAPSS benchmark,"FD001, FD002, FD003, FD004",Single and multi-operating regimes,HPC and Fan degradation,Piecewise linear RUL,Standard temporal sliding windowing,"Proper training, calibration, and test splits",Engine isolation maintained,Convolutional neural network and gradient boosting predictors with conformal prediction,CNN and Gradient Boosting,Inductive Conformal Prediction,Split conformal prediction,Coverage guarantees depend on exchangeability assumptions,"PICP, MPIW",RMSE,Visual trajectories only,Evaluated across C-MAPSS subsets,Tested on FD001-FD004,None,None,None,Conformal validity proofs,Public code available,Public NASA C-MAPSS repository,Publisher abstract describes conformal RUL prediction on C-MAPSS using CNN and gradient boosting predictors; coverage guarantees depend on relevant assumptions.,Coverage guarantees depend on exchangeability assumptions; omits maintenance decisions.,Conditional coverage guarantees and decision modeling.,Foundational study applying conformal prediction to C-MAPSS using CNN and GBDT.,Foundational prior art for conformal RUL prediction on C-MAPSS.,High (Peer-reviewed journal article),Yes
SUP-08,yan2026audit,Zenodo repository deposit,Conformal prediction intervals for turbofan remaining useful life: an audit across operating regimes (code and run artifacts),Hong Yan,2026,Zenodo,10.5281/zenodo.21330745,Software/reproducibility artifact; peer-reviewed publication not verified,Conformal prediction intervals and operating-regime auditing for turbofan RUL,Audit C-MAPSS conformal comparisons across operating regimes and evaluate maintenance-cost impact,NASA C-MAPSS benchmark,"FD001, FD002, FD003, FD004",Single and multi-operating condition regimes,HPC and Fan degradation,Piecewise linear RUL,Standard C-MAPSS windowing,Engine-isolated training/calibration/testing,Engine isolation maintained,Conformal prediction interval methods and conditional auditing,Deep learning time-series regression,Conformal prediction intervals,Conformal calibration,Evaluated across nominal confidence levels,"PICP, WGC, MPIW","RMSE, MAE",Evaluated across degradation stages,Evaluated (Operating-regime and conditional auditing),Tested across C-MAPSS operating regimes,Maintenance-cost evaluation,Maintenance-cost simulation evaluated,None,Empirical audit testing across regimes,Public Zenodo repository,Public NASA C-MAPSS dataset,"C-MAPSS conformal comparisons, operating-regime/conditional auditing, and maintenance-cost evaluation inspected in Zenodo deposit and selected archive files.",Software/reproducibility artifact; peer-reviewed publication not verified.,Formal peer-reviewed publication of audit findings.,Zenodo software artifact providing C-MAPSS conformal auditing and maintenance-cost evaluation.,Direct competitor for C-MAPSS conformal auditing and decision evaluation.,Medium (Software artifact deposit),Yes
SUP-09,robinson2026riskaware,External peer-reviewed paper,Remaining Useful Life Estimation for Aircraft Engines with Risk-Aware Prediction Intervals via Conformalized Quantile Regression,Colby Don Robinson,2026,International Journal of Prognostics and Health Management,10.36001/ijphm.2026.v17i1.4724,Peer-reviewed journal article,Risk-aware prediction intervals for aircraft engine RUL estimation,Evaluate gradient boosting and asymmetric CQR across all four C-MAPSS subsets,NASA C-MAPSS benchmark,"FD001, FD002, FD003, FD004",Single and multi-operating regimes,HPC and Fan degradation,Piecewise linear RUL,Standard sequence sliding windowing,Chronological engine-isolated splits,Engine isolation maintained,Gradient boosting and asymmetric Conformalized Quantile Regression (CQR),Gradient boosting regression,Asymmetric Conformalized Quantile Regression,Asymmetric CQR conformal calibration,Evaluated at nominal target levels,"PICP, MPIW, Asymmetric Pinball Loss","RMSE, Score",Evaluated,Evaluated across FD001-FD004,Evaluated across the four C-MAPSS subsets,Risk-aware interval thresholding,Risk-aware interval coverage evaluation,None,Conformal empirical validity testing,Not verified in the current audit,Public NASA C-MAPSS repository,Gradient boosting and asymmetric CQR evaluated on the four C-MAPSS subsets for risk-aware prediction intervals.,Positions work on risk-aware prediction intervals without bi-directional Digital Twin streaming.,Integration into real-time fleet health management systems.,Demonstrates asymmetric CQR on all 4 C-MAPSS subsets with gradient boosting.,Direct competitor for asymmetric CQR on C-MAPSS.,High (Peer-reviewed journal article),Yes
SUP-10,benabdennour2026grouped,External peer-reviewed paper,"Leakage-Controlled Grouped Validation and Interval-Safety Calibration for RUL/SOH Prediction Using Engine, Battery, and Bearing Degradation Data",Adel BenAbdennour,2026,Machines (MDPI),10.3390/machines14101124,Peer-reviewed journal article,Data leakage in grouped validation and interval-safety calibration across degradation datasets,Develop leakage-controlled grouped validation and urgent/critical interval-safety diagnostics,"Engine, battery, and bearing degradation datasets",C-MAPSS included among multi-domain datasets,Multi-domain operating regimes,"Engine, battery, and bearing degradation modes",RUL and SOH continuous targets,Leakage-controlled grouping and sequence windowing,Grouped validation splits,Strict asset-grouped validation,Grouped validation and interval-safety calibration framework,Deep learning time-series predictors,Interval-safety calibration,Urgent/critical interval-safety calibration,Evaluated at safety-critical confidence bounds,"Interval safety violation rate, PICP","RMSE, MAE",Urgent and critical stage safety diagnostics,Cross-domain degradation regimes,Multi-dataset grouped evaluation,Interval-safety decision rules,Critical safety risk diagnostics,None,Leakage-controlled validation testing,Not verified in the current audit,"Public engine, battery, and bearing repositories","Demonstrates leakage-controlled grouped validation and urgent/critical interval-safety diagnostics across engine, battery, and bearing degradation datasets. Stable direct full-text retrieval pending.",Indexed publisher text checked; stable direct full-text retrieval remains pending.,Full-text open access deployment.,"Multi-domain grouped validation and interval-safety diagnostics across engines, batteries, and bearings.",Direct competitor for grouped validation and interval safety calibration.,High (Peer-reviewed journal article),Yes
