filename,title,authors,year,publication_type,venue,doi,doi_verification_status,peer_review_status,primary_research_topic,relevance_to_intellitwin,notes
paper 1.pdf,AI-Driven Digital Twin for Predictive Maintenance in Urban Infrastructure: Enhancing Structural Resilience and Sustainability,"Dita Diana, Putri, Anggi Angga Mukti",2025,Journal Article,Civil Engineering Science and Technology (CEST),10.51903/3c72e647,Verified (Crossref),Peer-reviewed (Open Access),AI-Driven Digital Twin for predictive maintenance in urban infrastructure,Provides qualitative background on DT concept and maintenance strategies; low methodological overlap with turbofan prognostics.,Qualitative case study analysis; lacks quantitative datasets algorithmic formulation or statistical UQ.
paper 2.pdf,A Survey on AI-Driven Digital Twins in Industry 4.0: Smart Manufacturing and Advanced Robotics,"Ziqi Huang, Yang Shen, Jiayi Li, Marcel Fey, Christian Brecher",2021,Review Article,Sensors (MDPI),10.3390/s21196340,Verified (Crossref),Peer-reviewed,Comprehensive review of AI-driven Digital Twin technologies across Industry 4.0,Foundational taxonomy for AI and Digital Twin integration multi-scale models and data synchronization.,Over 300 papers reviewed; highlights gap in systematically integrating domain-specific prognostic UQ into DTs.
paper 3.pdf,"A Review of Urban Digital Twins Integration, Challenges, and Future Directions in Smart City Development",Silvia Mazzetto,2024,Review Article,Sustainability (MDPI),10.3390/su16198337,Verified (Crossref),Peer-reviewed,Urban Digital Twins integration challenges and future directions in smart cities,Contextual reference for Digital Twin data integration architectures and lifecycle platforms.,Bibliometric and thematic review; focused on civil/urban planning rather than industrial degradation or RUL.
paper 4.pdf,DIGITAL TWIN AND AI ENABLED PREDICTIVE MAINTENANCE IN BUILDING INDUSTRY,Hu Wei,2024,Doctoral Dissertation,Nanyang Technological University (School of Mechanical and Aerospace Engineering),Unverified / Institutional Thesis,Unverified (Institutional Thesis),Doctoral Dissertation,Digital Twin and AI-enabled predictive maintenance for HVAC and chiller systems,Exemplifies comprehensive engineering realization of a cyber-physical Digital Twin for predictive maintenance.,180-page PhD thesis; focused on chiller fault detection and cooling systems rather than aero-engine RUL or conformal UQ.
paper 5.pdf,AI-driven predictive maintenance and optimization of renewable energy systems for enhanced operational efficiency and longevity,"Sakiru Folarin Bello, Ifeoluwa Uchechukwu Wada, Olukayode B. Ige, Ernest C. Chianumba, Samod Adetunji Adebayo",2024,Journal Article,International Journal of Science and Research Archive,10.30574/ijsra.2024.13.1.1992,Verified (Crossref),Peer-reviewed (Open Access),Predictive maintenance and optimization for renewable energy systems (wind/solar),Demonstrates economic and operational justification for transitioning from reactive to predictive maintenance.,Conceptual and literature survey; provides high-level industry overview without reproducible empirical models.
paper 6.pdf,A Predictive Maintenance Approach in Manufacturing Systems via AI-based Early Failure Detection,"Ali Hosseinzadeh, F. Frank Chen, Mohammad Shahin, Hamed Bouzary",2023,Conference / Short Paper,Manufacturing Letters (Elsevier) / 51st SME NAMRC,10.1016/j.mfglet.2023.08.125,Verified (Crossref),Peer-reviewed,Machine learning and deep learning for early failure detection in manufacturing,Direct empirical comparison of ML algorithms (RF SVM MLP LSTM) on predictive maintenance telemetry.,Focuses on discrete failure classification on synthetic manufacturing data rather than continuous RUL regression or UQ.
paper 7.pdf,Evaluating the Impact of Transitioning Maintenance Strategy from Reactive to Proactive in Power Generation Companies: An Empirical Analysis,Hazem Khaled Shehadeh,2024,Journal Article,WSEAS Transactions on Business and Economics,10.37394/23207.2024.21.69,Verified (Crossref),Peer-reviewed,Empirical quantification of cost downtime and safety impacts from proactive maintenance,Provides real-world empirical figures on maintenance cost reductions (20%) and breakdown reductions (35%) under proactive strategies.,Business and econometric empirical analysis; does not evaluate prognostic AI algorithms or RUL uncertainty.
paper 8.pdf,Evolution of Digital Twin Frameworks in Bridge Management: Review and Future Directions,"Vahid Mousavi, Maria Rashidi, Masoud Mohammadi, Bijan Samali",2024,Review Article,Remote Sensing (MDPI),10.3390/rs16111887,Verified (Crossref),Peer-reviewed,Evolution and architectures of Digital Twin frameworks in structural bridge management,Relevant for decision support integration in DT frameworks; notes that decision support is often neglected in DTs.,Scientometric review of 480+ papers; focuses on structural health monitoring and civil infrastructure.
paper 9.pdf,Forecasting bridge damage within a predictive Structural Reliability-based DSS,"Francesca Brighenti, Mattia Francesco Bado, Francesco Romeo, Daniele Zonta",2024,Journal Article,Automation in Construction (Elsevier),10.1016/j.autcon.2024.105740,Verified (Crossref),Peer-reviewed,Structural reliability modeling Markov Chain damage forecasting and maintenance DSS,Directly informs the decision support layer (DSS) by modeling how probabilistic degradation forecasts drive maintenance prioritization.,Combines Markov Chains with reliability index; focuses on bridge structural deterioration rather than deep learning RUL.
paper 10.pdf,AI-Driven Digital Twins for Smart Urban Infrastructure: A Comparative Survey of Monitoring and Predictive Maintenance Methodologies,"Mohammed Hisamuddin, Mohammed Thafazul Hussain, Ruksar Fatima",2026,Preprint / University Report,Khaja Bandanawaz University,Unverified / Not Available,Unverified (No DOI assigned),Preprint / Working Paper,Comparative survey of AI-driven DT methodologies for infrastructure monitoring and PdM,Comprehensive synthesis across sensing DT architecture machine learning RUL and Explainable AI (XAI).,30-page working paper/preprint; emphasizes need for unified frameworks linking RUL prediction with decision support.
paper 11.pdf,AI-Augmented Digital Twin Architecture for Predictive Maintenance in Smart Urban Infrastructure: A Cross-Domain Engineering Framework,"A K M Rezown Mahmud, Raida Islam Hriti, Md Mehedi Hasan, Md Nizam Uddin, Arpita Rany Roy",2025,Journal Article,European Journal of Applied Science Engineering and Technology (EJASET),10.59324/ejaset.2025.3(5).04,Verified (Crossref),Peer-reviewed (Open Access),Architectural design of AI-augmented Digital Twins for predictive maintenance,Exemplifies multi-layer DT framework design (perception physical twin computation application).,High-level engineering conceptual framework; lacks experimental benchmark evaluation or uncertainty quantification.
paper 12.pdf,A new era for digital twins: progress and industry adoption,"S. K. Khairul Hasan, Colin William Crawford",2025,Review Article,Digital Twin (Taylor & Francis),10.1080/27525783.2025.2555877,Verified (Crossref),Peer-reviewed,Systematic review of core components technologies and cross-industry adoption of DTs,Defines core components of modern Digital Twins (machine learning edge computing visualization bi-directional coupling).,Comprehensive review across manufacturing aerospace healthcare; confirms rarity of calibrated uncertainty in deployed DTs.
paper 13.pdf,From Smart Cities to Manufacturing: A Comprehensive Study on Digital Twin Applications and Barrier,"Bhargav Prajwal Pathri, Krishna Vamshi Ganduri",2025,Review Article,IET Digital Twins and Applications (Wiley / IET),10.1049/dgt2.70014,Verified (Crossref),Peer-reviewed (Open Access),Digital Twin applications across smart cities and manufacturing and implementation barriers,Highlights aeronautical structural health monitoring and identifies data integration and scalability barriers in DTs.,Systematic qualitative review; discusses operational barriers to real-time asset synchronization.
paper 14.pdf,Research on Remaining Useful Life Prediction of Equipment Based on Digital Twins,"Jiaju Wu, Yuanlin Zhou, Xiaodong Wang, Chuan Chen, Yongqi Ma, Chunrui Zhang",2026,Journal Article,Sensors (MDPI),10.3390/s26041240,Verified (Crossref),Peer-reviewed,Digital Twin model and GA-optimized ensemble learning for online RUL prediction on C-MAPSS,HIGH RELEVANCE: Directly pairs Digital Twin architecture with data-driven RUL prediction on NASA C-MAPSS FD001.,Proposes GA-stacking ensemble for point RUL prediction; does not provide prediction intervals uncertainty calibration or maintenance policies.
paper 15.pdf,Digital Twin-Driven Communication-Efficient Federated Anomaly Detection for Industrial IoT,"Mohammed Ayalew Belay, Adil Rasheed, Pierluigi Salvo Rossi",2026,Preprint / Submitted Manuscript,IEEE (Submitted manuscript NTNU),Unverified / Not Available,Unverified (Submitted Manuscript),Preprint / Under Review,Communication-efficient federated anomaly detection leveraging Digital Twin synthetic data,Demonstrates integration of Digital Twin simulation to generate synthetic training telemetry for distributed ML models.,Targets federated anomaly detection; does not address run-to-failure degradation RUL regression or conformal calibration.
