screening_id,search_query_source,database_or_source,retrieval_date,title,authors,year,doi_or_identifier,abstract_screen_decision,full_text_screen_decision,inclusion_reason,exclusion_reason,verification_status,screener
SCR-001,Curated repository seed corpus,Local repository seed (papers/paper 1.pdf),2026-10-04,AI-Driven Digital Twin for Predictive Maintenance in Urban Infrastructure: Enhancing Structural Resilience and Sustainability,"Dita Diana, Putri, Anggi Angga Mukti",2025,10.51903/3c72e647,Include,Include,Discusses AI-driven Digital Twin architectures and predictive maintenance strategies.,None,Verified (Crossref),Research Team (Mayank Singh / Shiksha Pandey / Ruchi Gupta)
SCR-002,Curated repository seed corpus,Local repository seed (papers/paper 2.pdf),2026-10-04,A Survey on AI-Driven Digital Twins in Industry 4.0: Smart Manufacturing and Advanced Robotics,"Ziqi Huang, Yang Shen, Jiayi Li, Marcel Fey, Christian Brecher",2021,10.3390/s21196340,Include,Include,Comprehensive foundational survey of AI-driven Digital Twins across industrial manufacturing and predictive maintenance.,None,Verified (Crossref),Research Team (Mayank Singh / Shiksha Pandey / Ruchi Gupta)
SCR-003,Curated repository seed corpus,Local repository seed (papers/paper 3.pdf),2026-10-04,"A Review of Urban Digital Twins Integration, Challenges, and Future Directions in Smart City Development",Silvia Mazzetto,2024,10.3390/su16198337,Include,Include,Reviews data integration bottlenecks and multi-system Digital Twin architectures.,None,Verified (Crossref),Research Team (Mayank Singh / Shiksha Pandey / Ruchi Gupta)
SCR-004,Curated repository seed corpus,Local repository seed (papers/paper 4.pdf),2026-10-04,DIGITAL TWIN AND AI ENABLED PREDICTIVE MAINTENANCE IN BUILDING INDUSTRY,Hu Wei,2024,Unverified / Institutional Thesis,Include,Include,Detailed academic dissertation presenting end-to-end cyber-physical Digital Twin implementation for predictive maintenance.,None,Unverified (Institutional Thesis NTU),Research Team (Mayank Singh / Shiksha Pandey / Ruchi Gupta)
SCR-005,Curated repository seed corpus,Local repository seed (papers/paper 5.pdf),2026-10-04,AI-driven predictive maintenance and optimization of renewable energy systems for enhanced operational efficiency and longevity,"Sakiru Folarin Bello, Ifeoluwa Uchechukwu Wada, Olukayode B. Ige, Ernest C. Chianumba, Samod Adetunji Adebayo",2024,10.30574/ijsra.2024.13.1.1992,Include,Include,Investigates predictive maintenance economic impact and failure reduction in rotating turbine machinery.,None,Verified (Crossref),Research Team (Mayank Singh / Shiksha Pandey / Ruchi Gupta)
SCR-006,Curated repository seed corpus,Local repository seed (papers/paper 6.pdf),2026-10-04,A Predictive Maintenance Approach in Manufacturing Systems via AI-based Early Failure Detection,"Ali Hosseinzadeh, F. Frank Chen, Mohammad Shahin, Hamed Bouzary",2023,10.1016/j.mfglet.2023.08.125,Include,Include,Empirical benchmark comparing multiple ML and deep hybrid learning models for early failure detection on sensor telemetry.,None,Verified (Crossref),Research Team (Mayank Singh / Shiksha Pandey / Ruchi Gupta)
SCR-007,Curated repository seed corpus,Local repository seed (papers/paper 7.pdf),2026-10-04,Evaluating the Impact of Transitioning Maintenance Strategy from Reactive to Proactive in Power Generation Companies: An Empirical Analysis,Hazem Khaled Shehadeh,2024,10.37394/23207.2024.21.69,Include,Include,"Rigorous econometric quantification of maintenance cost reduction, breakdown reduction, and downtime reduction under proactive maintenance.",None,Verified (Crossref),Research Team (Mayank Singh / Shiksha Pandey / Ruchi Gupta)
SCR-008,Curated repository seed corpus,Local repository seed (papers/paper 8.pdf),2026-10-04,Evolution of Digital Twin Frameworks in Bridge Management: Review and Future Directions,"Vahid Mousavi, Maria Rashidi, Masoud Mohammadi, Bijan Samali",2024,10.3390/rs16111887,Include,Include,Comprehensive review examining decision-support system integration in multilayer Digital Twin frameworks.,None,Verified (Crossref),Research Team (Mayank Singh / Shiksha Pandey / Ruchi Gupta)
SCR-009,Curated repository seed corpus,Local repository seed (papers/paper 9.pdf),2026-10-04,Forecasting bridge damage within a predictive Structural Reliability-based DSS,"Francesca Brighenti, Mattia Francesco Bado, Francesco Romeo, Daniele Zonta",2024,10.1016/j.autcon.2024.105740,Include,Include,"Demonstrates structural reliability modeling, probabilistic deterioration forecasting, and automated maintenance priority indexing.",None,Verified (Crossref),Research Team (Mayank Singh / Shiksha Pandey / Ruchi Gupta)
SCR-010,Curated repository seed corpus,Local repository seed (papers/paper 10.pdf),2026-10-04,AI-Driven Digital Twins for Smart Urban Infrastructure: A Comparative Survey of Monitoring and Predictive Maintenance Methodologies,"Mohammed Hisamuddin, Mohammed Thafazul Hussain, Ruksar Fatima",2026,Unverified / Not Available,Include,Include,"Synthesizes DT architectures across IoT sensing, deep learning RUL prediction, and Explainable AI.",None,Unverified (Preprint / University Report),Research Team (Mayank Singh / Shiksha Pandey / Ruchi Gupta)
SCR-011,Curated repository seed corpus,Local repository seed (papers/paper 11.pdf),2026-10-04,AI-Augmented Digital Twin Architecture for Predictive Maintenance in Smart Urban Infrastructure: A Cross-Domain Engineering Framework,"A K M Rezown Mahmud, Raida Islam Hriti, Md Mehedi Hasan, Md Nizam Uddin, Arpita Rany Roy",2025,10.59324/ejaset.2025.3(5).04,Include,Include,Proposes multi-layer architecture for AI-augmented Digital Twins in predictive maintenance.,None,Verified (Crossref),Research Team (Mayank Singh / Shiksha Pandey / Ruchi Gupta)
SCR-012,Curated repository seed corpus,Local repository seed (papers/paper 12.pdf),2026-10-04,A new era for digital twins: progress and industry adoption,"S. K. Khairul Hasan, Colin William Crawford",2025,10.1080/27525783.2025.2555877,Include,Include,"Definitive 2025 systematic review of core DT components, edge analytics, and cross-sector industrial adoption.",None,Verified (Crossref),Research Team (Mayank Singh / Shiksha Pandey / Ruchi Gupta)
SCR-013,Curated repository seed corpus,Local repository seed (papers/paper 13.pdf),2026-10-04,From Smart Cities to Manufacturing: A Comprehensive Study on Digital Twin Applications and Barrier,"Bhargav Prajwal Pathri, Krishna Vamshi Ganduri",2025,10.1049/dgt2.70014,Include,Include,Examines aeronautical structural health monitoring and identifies key data integration and scalability barriers.,None,Verified (Crossref),Research Team (Mayank Singh / Shiksha Pandey / Ruchi Gupta)
SCR-014,Curated repository seed corpus,Local repository seed (papers/paper 14.pdf),2026-10-04,Research on Remaining Useful Life Prediction of Equipment Based on Digital Twins,"Jiaju Wu, Yuanlin Zhou, Xiaodong Wang, Chuan Chen, Yongqi Ma, Chunrui Zhang",2026,10.3390/s26041240,Include,Include,Directly integrates Digital Twin architecture with ensemble machine learning for RUL point prediction on NASA C-MAPSS FD001.,None,Verified (Crossref),Research Team (Mayank Singh / Shiksha Pandey / Ruchi Gupta)
SCR-015,Curated repository seed corpus,Local repository seed (papers/paper 15.pdf),2026-10-04,Digital Twin-Driven Communication-Efficient Federated Anomaly Detection for Industrial IoT,"Mohammed Ayalew Belay, Adil Rasheed, Pierluigi Salvo Rossi",2026,Unverified / Not Available,Include,Include,Demonstrates leveraging Digital Twin synthetic simulation data to train distributed machine learning models for anomaly detection.,None,Unverified (Submitted Manuscript IEEE),Research Team (Mayank Singh / Shiksha Pandey / Ruchi Gupta)
SCR-016,Targeted closest-work search,Elsevier / Crossref API,2026-10-04,Data-driven predictive maintenance strategy considering the uncertainty in remaining useful life prediction,"Zhen Chen, Yang Shi, Meng Lu",2022,10.1016/j.neucom.2022.04.055,Include,Include,Couples RUL prediction uncertainty on C-MAPSS with maintenance cost-rate optimization; key prior art for RQ3.,None,Verified (Crossref),Research Team (Mayank Singh / Shiksha Pandey / Ruchi Gupta)
SCR-017,Targeted closest-work search,Wiley / Crossref API,2026-10-04,Predictive Maintenance Strategies for Aero-Engines Considering Remaining Useful Life Prediction Interval,"Zhengbo Zhu, Lubing Wang, Mingchih Chen, Xufeng Zhao",2025,10.1002/qre.70043,Include,Include,Directly evaluates aero-engine maintenance replacement thresholds using RUL prediction intervals; key prior art for RQ3.,None,Verified (Crossref),Research Team (Mayank Singh / Shiksha Pandey / Ruchi Gupta)
SCR-018,Targeted closest-work search,MDPI / Crossref API,2026-10-04,Turbofan Engine Remaining Useful Life Prediction with Reliable Prediction Intervals via LSTM-Based Quantile Regression and Conformal Calibration,"Xudong Diao, Shaocheng Zhou, Fansheng Meng",2026,10.3390/s26072249,Include,Include,Applies inductive conformal calibration to LSTM quantile regression on C-MAPSS FD001/FD003; direct competitor for RQ2.,None,Verified (Crossref),Research Team (Mayank Singh / Shiksha Pandey / Ruchi Gupta)
SCR-019,Targeted closest-work search,Elsevier / Crossref API,2026-10-04,Uncertainty-aware remaining useful life prediction and PPO based optimal maintenance scheduling in industrial IoT,"Gaganpreet Singh Walia, Dinesh Kumar",2026,10.1016/j.ress.2026.112356,Include,Include,Couples Bayesian RUL uncertainty with reinforcement learning maintenance scheduling on C-MAPSS and PRONOSTIA; key prior art for RQ3.,None,Verified (Crossref),Research Team (Mayank Singh / Shiksha Pandey / Ruchi Gupta)
SCR-020,Targeted closest-work search,Elsevier / Crossref API,2026-10-04,A novel uncertainty-aware framework for remaining useful life prediction integrating uncertainty quantification and calibration,"Z. Xu, Z. Gao, K. Wang",2026,10.1016/j.ress.2026.112763,Include,Include,Evaluates prediction interval calibration on C-MAPSS FD001-FD004 using deep ensembles and post-hoc calibration; key prior art for RQ2.,None,Verified (Crossref),Research Team (Mayank Singh / Shiksha Pandey / Ruchi Gupta)
SCR-021,Targeted closest-work search,arXiv API,2026-10-04,Empirical Calibration and Conditional-Reliability Diagnostics for Bearing RUL Prediction under Operating-Regime Shift,"Yang, Wang, and Wang",2026,arXiv:2607.08273,Include,Include,Examines conditional coverage failure across operating regimes in rotating machinery; key methodological foundation for conditional diagnostics.,None,Verified (arXiv API),Research Team (Mayank Singh / Shiksha Pandey / Ruchi Gupta)
SCR-022,Backward citation search,arXiv API / IJPHM,2026-10-04,Conformal Prediction Intervals for Remaining Useful Lifetime Estimation,"Alireza Javanmardi, Eyke Hüllermeier",2023,arXiv:2212.14612 / 10.36001/ijphm.2023.v14i2.3364,Include,Include,Foundational study introducing Inductive Conformal Prediction to C-MAPSS turbofan RUL estimation; direct prior art for RQ2.,None,Verified (arXiv API / IJPHM),Research Team (Mayank Singh / Shiksha Pandey / Ruchi Gupta)
SCR-023,Backward citation search,IEEE Xplore / Crossref API,2026-10-04,Damage Propagation Modeling for Aircraft Engine Run-to-Failure Simulation,"Abhinav Saxena, Kai Goebel, Donald Simon, Neil Eklund",2008,10.1109/PHM.2008.4711414,Include,Include,Origin paper establishing the NASA C-MAPSS dataset and the asymmetric scoring metric; foundational for RQ1-RQ3.,None,Verified (Crossref),Research Team (Mayank Singh / Shiksha Pandey / Ruchi Gupta)
SCR-024,Targeted closest-work search / verification audit,Zenodo / Crossref DOI resolver,2026-10-04,Conformal prediction intervals for turbofan remaining useful life: an audit across operating regimes,Hong Yan,2026,10.5281/zenodo.21330745,Exclude,Exclude,Investigated as candidate closest work on conformal auditing across regimes.,"Excluded: DOI resolution returned HTTP 404; no verified scholarly artifact or preprint found in Zenodo, Crossref, or academic indexes.",Unverified (Artifact Not Found),Research Team (Mayank Singh / Shiksha Pandey / Ruchi Gupta)
SCR-025,Targeted closest-work search / verification audit,Egypt-Japan University of Science and Technology (E-JUST) institutional repository,2026-10-04,Decision-Oriented Predictive Maintenance: Calibrated RUL Uncertainty and Cost-Based Maintenance Policy Simulation,Osama Taha,2026,Unverified Lead (No institutional handle/DOI),Exclude,Exclude,Investigated as candidate closest work on calibrated RUL uncertainty and maintenance policy simulation.,Excluded from verified scholarly bibliography: Document exists only on commercial reposting site (Scribd); no record found in E-JUST institutional repository or indexed scholarly sources.,Unverified Lead (Documented in research notes only),Research Team (Mayank Singh / Shiksha Pandey / Ruchi Gupta)
