bibtex_key,source_url,source_locator,metadata_status,methodology_status,reproduction_status,verification_basis,unresolved_items
saxena2008damage,https://doi.org/10.1109/PHM.2008.4711414,IEEE Xplore / PHM Conference 2008,verified,full_text_checked,not_reproduced,Independent source audit supplied in the correction instruction; not independently reverified by the implementing agent,None
diana2025ai,https://doi.org/10.51903/3c72e647,papers/paper 1.pdf,verified,full_text_checked,not_reproduced,Independent source audit supplied in the correction instruction; not independently reverified by the implementing agent,None
huang2021survey,https://doi.org/10.3390/s21196340,papers/paper 2.pdf,verified,full_text_checked,not_reproduced,Independent source audit supplied in the correction instruction; not independently reverified by the implementing agent,None
mazzetto2024review,https://doi.org/10.3390/su16198337,papers/paper 3.pdf,verified,full_text_checked,not_reproduced,Independent source audit supplied in the correction instruction; not independently reverified by the implementing agent,None
wei2024digital,Institutional Thesis (NTU),papers/paper 4.pdf,pending,full_text_checked,not_reproduced,Independent source audit supplied in the correction instruction; not independently reverified by the implementing agent,Institutional thesis handle verification pending
bello2024ai,https://doi.org/10.30574/ijsra.2024.13.1.1992,papers/paper 5.pdf,verified,full_text_checked,not_reproduced,Independent source audit supplied in the correction instruction; not independently reverified by the implementing agent,None
hosseinzadeh2023predictive,https://doi.org/10.1016/j.mfglet.2023.08.125,papers/paper 6.pdf,verified,full_text_checked,not_reproduced,Independent source audit supplied in the correction instruction; not independently reverified by the implementing agent,None
shehadeh2024evaluating,https://doi.org/10.37394/23207.2024.21.69,papers/paper 7.pdf,verified,full_text_checked,not_reproduced,Independent source audit supplied in the correction instruction; not independently reverified by the implementing agent,None
mousavi2024evolution,https://doi.org/10.3390/rs16111887,papers/paper 8.pdf,verified,full_text_checked,not_reproduced,Independent source audit supplied in the correction instruction; not independently reverified by the implementing agent,None
brighenti2024forecasting,https://doi.org/10.1016/j.autcon.2024.105740,papers/paper 9.pdf,verified,full_text_checked,not_reproduced,Independent source audit supplied in the correction instruction; not independently reverified by the implementing agent,None
hisamuddin2026ai,Khaja Bandanawaz University Report,papers/paper 10.pdf,pending,full_text_checked,not_reproduced,Independent source audit supplied in the correction instruction; not independently reverified by the implementing agent,Preprint DOI assignment pending
mahmud2025ai,https://doi.org/10.59324/ejaset.2025.3(5).04,papers/paper 11.pdf,verified,full_text_checked,not_reproduced,Independent source audit supplied in the correction instruction; not independently reverified by the implementing agent,None
hasan2025new,https://doi.org/10.1080/27525783.2025.2555877,papers/paper 12.pdf,verified,full_text_checked,not_reproduced,Independent source audit supplied in the correction instruction; not independently reverified by the implementing agent,None
pathri2025smart,https://doi.org/10.1049/dgt2.70014,papers/paper 13.pdf,verified,full_text_checked,not_reproduced,Independent source audit supplied in the correction instruction; not independently reverified by the implementing agent,None
wu2026research,https://doi.org/10.3390/s26041240,"papers/paper 14.pdf, Section 4.1 and concluding discussion",verified,full_text_checked,not_reproduced,Independent source audit supplied in the correction instruction; not independently reverified by the implementing agent,Uncertainty limits/confidence assessment identified as future work
belay2026digital,Submitted Manuscript (IEEE / NTU),papers/paper 15.pdf,pending,full_text_checked,not_reproduced,Independent source audit supplied in the correction instruction; not independently reverified by the implementing agent,Peer review outcome pending
chen2022data,https://doi.org/10.1016/j.neucom.2022.04.055,DOI metadata for 10.1016/j.neucom.2022.04.055,verified,not_verified,not_reproduced,Independent source audit supplied in the correction instruction; not independently reverified by the implementing agent,Full primary methodology unverified in current audit
zhu2025predictive,https://doi.org/10.1002/qre.70043,Publisher abstract at https://doi.org/10.1002/qre.70043,verified,abstract_checked,not_reproduced,Independent source audit supplied in the correction instruction; not independently reverified by the implementing agent,Exact C-MAPSS subset and detailed protocol remain unverified
diao2026turbofan,https://doi.org/10.3390/s26072249,PMC article PMC13075270,verified,full_text_checked,not_reproduced,Independent source audit supplied in the correction instruction; not independently reverified by the implementing agent,Full prescriptive maintenance optimization marked as upstream
walia2026uncertainty,https://doi.org/10.1016/j.ress.2026.112356,Publisher abstract at https://www.sciencedirect.com/science/article/pii/S0951832026001729,verified,abstract_checked,not_reproduced,Independent source audit supplied in the correction instruction; not independently reverified by the implementing agent,Exact C-MAPSS subset remains unverified
xu2026novel,https://doi.org/10.1016/j.ress.2026.112763,DOI metadata for 10.1016/j.ress.2026.112763,verified,not_verified,not_reproduced,Independent source audit supplied in the correction instruction; not independently reverified by the implementing agent,Full primary methodology unverified in current audit
yang2026empirical,https://arxiv.org/abs/2607.08273,"arXiv HTML version at https://arxiv.org/html/2607.08273v1 (Table 22, Sections 7.3-7.4)",verified,full_text_checked,not_reproduced,Independent source audit supplied in the correction instruction; not independently reverified by the implementing agent,Prospective maintenance-policy evaluation not claimed
javanmardi2023conformal,https://doi.org/10.36001/ijphm.2023.v14i2.3417,IJPHM publisher abstract at https://papers.phmsociety.org/index.php/ijphm/article/view/3417,verified,abstract_checked,not_reproduced,Independent source audit supplied in the correction instruction; not independently reverified by the implementing agent,Coverage guarantees subject to exchangeability assumptions
yan2026audit,https://doi.org/10.5281/zenodo.21330745,"Zenodo deposit description, archive README.md, and docs/phase6_summary.md",verified,artifact_code_checked,not_reproduced,Independent source audit supplied in the correction instruction; not independently reverified by the implementing agent,Corresponding peer-reviewed publication not verified
robinson2026riskaware,https://doi.org/10.36001/ijphm.2026.v17i1.4724,IJPHM Article 4724 at https://papers.phmsociety.org/index.php/ijphm/article/download/4724/2824,verified,full_text_checked,not_reproduced,Independent source audit supplied in the correction instruction; not independently reverified by the implementing agent,None
benabdennour2026grouped,https://doi.org/10.3390/machines14101124,MDPI Machines indexed text at https://www.mdpi.com/2075-1702/14/10/1124,verified,indexed_primary_text_checked,not_reproduced,Independent source audit supplied in the correction instruction; not independently reverified by the implementing agent,Stable direct full-text PDF retrieval pending
