sensor,n_rows,missing_count,unique_values,min,max,range,mean,std,variance,median_abs_engine_cycle_correlation,regime_1_std,regime_2_std,regime_3_std,regime_4_std,regime_5_std,regime_6_std,variation_classification,diagnostic_note
s1,26693,0,6,445.0,518.67,73.67,472.901332,26.404746,697.21062,0.049682,0.0,0.0,0.0,0.0,0.0,0.0,variable,"Variable overall, but variation is primarily operating-condition driven (low within-regime std)."
s2,26693,0,1501,535.53,644.41,108.88,579.655976,37.303231,1391.53108,0.046438,0.495982,0.478426,0.464464,0.360381,0.443587,0.429813,variable,"Variable overall, but variation is primarily operating-condition driven (low within-regime std)."
s3,26693,0,10300,1244.98,1612.88,367.9,1419.894075,105.950208,11225.446491,0.053741,6.079883,5.742615,5.797347,5.345791,5.631828,5.617817,variable,"Variable overall, but variation is primarily operating-condition driven (low within-regime std)."
s4,26693,0,11967,1023.77,1438.16,414.39,1205.249436,119.136759,14193.567393,0.060241,8.986495,8.403587,7.852761,6.857056,7.468051,7.615171,variable,"Variable overall, but variation is primarily operating-condition driven (low within-regime std)."
s5,26693,0,6,3.91,14.62,10.71,8.032029,3.616333,13.077866,0.049522,0.0,0.0,0.0,0.0,0.0,0.0,variable,"Variable overall, but variation is primarily operating-condition driven (low within-regime std)."
s6,26693,0,14,5.71,21.61,15.9,11.600941,5.435453,29.54415,0.049527,0.001365,0.004634,0.004737,0.004161,0.001726,0.004921,variable,"Variable overall, but variation is primarily operating-condition driven (low within-regime std)."
s7,26693,0,1895,136.99,555.82,418.83,282.630758,146.107974,21347.540018,0.050294,0.868618,0.661191,0.610072,0.447815,0.485496,0.440215,variable,"Variable overall, but variation is primarily operating-condition driven (low within-regime std)."
s8,26693,0,815,1914.77,2388.39,473.62,2228.878108,145.198094,21082.486546,0.04877,0.071576,0.094972,0.129272,0.265036,0.286053,0.300707,variable,"Variable overall, but variation is primarily operating-condition driven (low within-regime std)."
s9,26693,0,15787,7985.56,9215.66,1230.1,8525.773734,336.019279,112908.955617,0.057511,19.617623,17.784451,17.726596,14.294701,17.452372,17.948667,variable,"Variable overall, but variation is primarily operating-condition driven (low within-regime std)."
s10,26693,0,9,0.93,1.3,0.37,1.095017,0.127526,0.016263,0.045599,0.0,0.000158,0.004168,0.000837,0.001912,0.001579,variable,"Variable overall, but variation is primarily operating-condition driven (low within-regime std)."
s11,26693,0,654,36.23,48.51,12.28,42.979796,3.23255,10.449382,0.068163,0.266483,0.249219,0.238735,0.208495,0.233118,0.23819,variable,"Variable overall, but variation is primarily operating-condition driven (low within-regime std)."
s12,26693,0,1562,129.12,523.37,394.25,266.093391,137.755758,18976.648808,0.050074,0.742729,0.543729,0.500516,0.34507,0.375898,0.342957,variable,"Variable overall, but variation is primarily operating-condition driven (low within-regime std)."
s13,26693,0,472,2027.61,2390.48,362.87,2334.580016,128.049977,16396.796536,0.045619,0.071796,0.097247,0.133156,0.281298,0.306579,0.324385,variable,"Variable overall, but variation is primarily operating-condition driven (low within-regime std)."
s14,26693,0,11709,7848.36,8268.5,420.14,8067.258134,84.898779,7207.802632,0.081665,16.89514,15.61909,15.617166,13.197709,15.864539,16.503127,variable,Variable with substantial within-regime variation and/or degradation trend.
s15,26693,0,7346,8.3357,11.0642,2.7285,9.328637,0.749361,0.561543,0.049171,0.037148,0.037801,0.038706,0.043472,0.038645,0.037724,variable,"Variable overall, but variation is primarily operating-condition driven (low within-regime std)."
s16,26693,0,2,0.02,0.03,0.01,0.02332,0.004709,2.2e-05,0.068517,0.0,0.0,0.004069,0.0,0.0,0.0,near-constant / extremely low variation,Near-constant with extremely low overall and within-regime variation.
s17,26693,0,52,303.0,398.0,95.0,348.291237,27.758211,770.51828,0.053514,1.543051,1.490676,1.47915,1.293104,1.418678,1.412312,variable,"Variable overall, but variation is primarily operating-condition driven (low within-regime std)."
s18,26693,0,6,1915.0,2388.0,473.0,2228.799723,145.320894,21118.162195,0.048448,0.0,0.0,0.0,0.0,0.0,0.0,variable,"Variable overall, but variation is primarily operating-condition driven (low within-regime std)."
s19,26693,0,2,84.93,100.0,15.07,97.757538,5.363427,28.766345,0.046723,0.0,0.0,0.0,0.0,0.0,0.0,variable,"Variable overall, but variation is primarily operating-condition driven (low within-regime std)."
s20,26693,0,485,10.19,39.31,29.12,20.791237,9.877793,97.570788,0.051539,0.178558,0.142183,0.137908,0.110749,0.114042,0.107969,variable,"Variable overall, but variation is primarily operating-condition driven (low within-regime std)."
s21,26693,0,13569,6.0804,23.5901,17.5097,12.474575,5.925855,35.115755,0.051259,0.104819,0.086188,0.080399,0.066653,0.067849,0.063852,variable,"Variable overall, but variation is primarily operating-condition driven (low within-regime std)."
